Record #,Code / Description,Responsible Party,Unit,Correction Required By:,Status,Picture
HSNG-25-1632,105.CMR.410.150: Hot Water(B)( no hot water temperature at 61.7 at time of inspection)105.CMR.410.500: Owner's Responsibility to Maintain Building and Structural Elements.2(B)(Basement active leak from unknown source),Owner,"","",Cited,""
HSNG-25-1630,105.CMR.410.180: Temperature Requirements(A) (Temperature reading 65.8°F at time of inspection),Owner,"","",Cited,""
HSNG-25-1625,"105.CMR.410.130: Potable Water/Sanitary Drainage(A) The owner shall provide a supply of potable water sufficient in quantity and pressure to meet the ordinaryneeds of every occupant.( No water)105.CMR.410.003: General Provisions(3)( no water)105.CMR.410. 630: Conditions Deemed to Endanger or Materially Impair Health or Safety(3,5)",Owner,"",11/20/2025,Cited,""
HSNG-25-1623,105.CMR.410.150: Hot WaterThe owner shall provide and maintain in good operating condition facilities capable of heating and delivering hot water:(A) In a quantity and pressure sufficient to satisfy the ordinary use of all plumbing fixtures which normally need hot water for their proper use and function.(B) In a temperature range of not less than 110° F(43°C) and not greater than 130°F (54°C) for fixtures other than a bathtub or shower. (water 51.0 degrees),Owner,2R,"",Cited,""
HSNG-25-1623,"105.CMR.410.630: Conditions Deemed to Endanger or Materially Impair Health or Safety (A) The following conditions, when found to exist in a residence, shall always be deemed conditions which may endanger or materially impair the health, or safety and well-being of a person or persons occupying the premises: (1) Failure to provide and maintain a supply of water sufficient in quantity, pressure and temperature, both hot and cold, to meet the ordinary needs of the occupant, required by 105 CMR 410.130, 410.140, and 410.150, for a period of 24 hours or longer. ",Owner,2R,"",Cited,""
HSNG-25-1614,"105.CMR.410.500 (A) (1) (2)(Active leak coming from bathtub through kitchen ceiling, structural damage from leak, buildup of mold like substance and water spots in kitchen ceiling, open plumbing, walls, and floor in closet and bathroom made to assess leak causing structural defects)",Owner,"",11/21/2025,In Progress,""
HSNG-25-1601,"IMMEDIATE CONDEMNATION TENT BEING USED AS DWELLING105.CMR.410.003 (A) GENERAL PROVISIONS(Tent being used as dwelling)105.CMR.410.130 (A) POTABLE WATER/SANITARY DRAINAGE(No water)105.CMR.410.200 PROVISIONS AND METERING OF ELECTRICITY OR GAS(No electricity)105.CMR.410.320 ELECTRICAL SERVICE (A) 1, 3 (Extension cords extending through window to tent)105.CMR.410.570 (A) 1, 3, 5 MAINTENANCE OF AREAS IN A SANITARY AND SAFE CONDITION(Yard has miscellaneous debris, including cardboard boxes, television, carpet, paint containers, hamper, plastic storage containers, tools etc.)105.CMR.410.630 (A) 1, 3 CONDITIONS DEEMED TO ENDANGER OR MATERIALLY IMPAIR HEALTH AND SAFETY (A) 1, 3",Owner,"","",Cited,""
HSNG-25-1601,"105.CMR.410.570(B) MAINTENANCE OF AREAS IN A SANITARY AND SAFE CONDITION( Area around tents has cardboard boxes, plastic bottles, bag with thrash, containers etc.)105.CMR.410.320 (A) 1, 3 ELECTRICAL SERVICES(Extension cords running from house through and through tent entrance)",Tenant,"","",Cited,""
HSNG-25-1600, 105.CMR.410.150 (B) (Hot water measured below minimum requirements at 94.8°F),Owner,"","",Cited,1356768
HSNG-25-1598,105.CMR.410.210: Provision of OilThe owner shall provide for the oil used for heating and/or hot water in each dwelling unit( No oil in tanks.),Owner,"","",Cited,""
HSNG-25-1598,"105.CMR.410.180: Temperature Requirements(A) The owner shall provide heat in every habitable room and every room containing a toilet, shower, or bathtub from September 15th through May 31st inclusive so that it shall be:(1) At least 68°F(20°C)between 7:00 A.M. and 11:00 P.M.; and (2) At least 64°F (17°C)between 11:01 P.M. and 6:59 A.M.(temp at inspection 65.3)",Owner,"","",Cited,""
HSNG-25-1592,105.CMR.410.150: Hot Water(B)(Temperature at 55.4°F),Owner,"","",Corrected,""
HSNG-25-1559,"INSUFFICIENT HOT WATER 105.CMR.410.150 (B) (C)(Entire dwelling has had insufficient hot water for over 24 hours, measured below minimum requirements in 3 different units)",Owner,"","",Corrected,""
HSNG-25-1553,"IMMEDIATE CONDEMNATION—ENTIRE DWELLING UNIT 105.CMR.410.130: (A)Potable Water/Sanitary Drainage( low water pressure bathroom sink )105.CMR.410.150: (A,B,C )Hot Water( water temp at time of inspection 55.0°F , low water pressure in bathroom )105.CMR.410.160: (A)(B 3 )Heating Systems( space heater being used at time of inspection , furnace not working properly )105.CMR.410.180:( A1) Temperature Requirements(  temp at time of inspection 63.8°F )105 CMR 410.235:(A6,12,13,14,)Owner’s Installation And Maintenance Responsibilities ( bathroom sink water pressure insufficient , heating system not working properly , fixtures not working properly front bedroom, missing smoke/co2 detector )105.CMR.410.330: (A)Smoke Detectors and Carbon Monoxide Alarms(Smoke/co2 detectors missing throughout entire dwelling and common area , basement )105 CMR 410.500:(A)(1,2)Owner’s Responsibility To Maintain Building and Structural Elements  ( rear porch unstable , kitchen cabinets in disrepair ,kitchen floor tiles ripped missing , mold like substance throughout entire dwelling , active leak in basement window in living room not working properly )105.CMR.410.630: (A)(1,2,5,12,13,15 ) Conditions Deemed to Endanger or Materially Impair Health or Safety ",Owner,"","",Cited,""
HSNG-25-1553,"",Owner,"","",Cited,""
HSNG-25-1553,"Chapter 327 Article 1 § 327-14 Unregistered Motor Vehicle ( A,B)Whoever, being the owner, occupant, or in control of real estate, permits, allows or suffers an unregistered motor vehicle or a substantial part of such motor vehicle to remain on said premises for a period in excess of 12 days shall be punished by a fine .",Owner,"","",Cited,""
HSNG-25-1553,105.CMR.410.160:(B3)Heating Systems( space heater being used at time of inspection ),Tenant,"","",Cited,""
HSNG-25-1552,"","","","",Cited,""
HSNG-25-1552,"","","","",Cited,""
HSNG-25-1552,"","","","",Cited,""
HSNG-25-1552,"IMMEDIATE CONDEMNATION— Illegal 3rd floor unit -missing smoke/co2 detectors 105. CMR .410.003:(A) General Provision(Illegal 3rd floor unit, no kitchen facilities)105.CMR.410.100:(A 5,6) Kitchen Facilities(no stove or refrigerator in unit)105.CMR.410.330:(A) Smoke Detectors and Carbon Dioxide Detectors (missing smoke / co2 detectors)105.CMR.410.520: (A 1) Protective Railings and Walls(Missing handrails common are hallways)105.CMR.410.630(A)7,15,16 conditions deemed to endanger or materially impair health or safety ",Owner,"","",Cited,""
HSNG-25-1549,"105.CMR.410.003: General Provisions-A,B,C(Gas and Electric shut off to Dwelling due to foundation wall collapse)",Owner,"","",Cited,""
HSNG-25-1549,105.CMR.410.200: Provision and Metering of Electricity or Gas(A)(Gas and Electricity to dwelling shut off),Owner,"","",Corrected,""
HSNG-25-1549,"105.CMR.410.500 Owners responsibility to maintain structural elements.(A)1,2.(Right side of dwelling foundation wall collapsed)",Owner,"","",Cited,""
HSNG-25-1549,"105.CMR.410. 630: Conditions Deemed to Endanger or Materially Impair Health or Safety(A) 3,12",Owner,"","",Cited,""
HSNG-25-1516,"105 CMR 410.235 (A,12,13) Owner's Installation and Maintenance Responsibilities ( light switch front entry missing cover, missing smoke detector front entry hall ) ",Owner,"","",Cited,""
HSNG-25-1511,TEMPERATURE REQUIREMENTS 105.CMR.410.180 (A)UNIT TEMPERATURE UPON INSPECTION 62.7 DEGREES F,Owner,"",11/10/2025,Cited,1353781
HSNG-25-1496,"105.CMR.410.270 (A) (1) (3)(Main entryway doors for 28-34 Myrtle Street do not lock, residence is unsecured from unlawful entry)",Owner,"",11/10/2025,Corrected,""
HSNG-25-1495,"105.CMR.410. 330: Smoke Detectors and Carbon Monoxide Alarms(A) The owner shall provide, install, and maintain in operable condition smoke detectors and carbon monoxide alarms in every residence that is required to be equipped with smoke detectors and carbon monoxide alarms in accordance with M.G.L. c. 148, §§ 26 C-F1/2 and 780 CMR: Massachusetts State Building Code, 527 CMR 1.00: Massachusetts Comprehensive Fire Safety Code, and 248 CMR 10.00: Uniform State Plumbing Code and in compliance with accepted standards as defined by 105 CMR (Missing hardwired smoke detector on first floor)(Non-functioning CO detector on first floor)(Missing hardwired smoke and CO detector on second floor)105.CMR.410.240: Occupant’s Installation and Maintenance Responsibilities (A) (5).(A) The occupant shall ensure proper installation in compliance with accepted standards as defined in 105 CMR 410.010, and shall maintain free from leaks, obstructions and other defects, all occupant owned and installed equipment including, but not limited to:l(5) Smoke detectors and carbon monoxide alarms.(Tenant has removed hardwired smoke and CO detectors)",Both,First and second floor,11/17/2025,Cited,""
HSNG-25-1493,"WINDOWS NOT WEATHERTIGHT 105.CMR.410.530 (A)1,2,3STORM WINDOWS REPAIR OR REPLACE 105.CMR.410.500 (A) 2Rear and front bedroom windows broken do not close. Living and Kitchen windows not weathertight.",Owner,"",11/12/2025,Cited,""
HSNG-25-1488,"105.CMR.410. 330: Smoke Detectors and Carbon Monoxide Alarms(A) The owner shall provide, install, and maintain in operable condition smoke detectors and carbon monoxide alarms in every residence that is required to be equipped with smoke detectors and carbon monoxide alarms in accordance with M.G.L. c. 148, §§ 26 C-F1/2 and 780 CMR: Massachusetts State Building Code, 527 CMR 1.00: Massachusetts Comprehensive Fire Safety Code, and 248 CMR 10.00: Uniform State Plumbing Code and in compliance with accepted standards as defined by 105 CMR 410.010.( Smoke detectors missing/not functioning throughout unit.)",Owner,1st Flr,"",Cited,""
HSNG-25-1488,105.CMR.410.260: Means of Egress(A) Every residence shall have at a minimum two means of egress and every dwelling unit and rooming unit shall have a sufficient number of egresses as will allow for the safe passage of all people.(B) No person shall cause obstruction of any means of egress or passageway.,Both,"","",Cited,""
HSNG-25-1488,"105.CMR.410.235: Owner’s Installation, Maintenance and Repair Responsibilities(A) The facilities and equipment the owner is required to provide include, but are not limited to: (1) Sinks;(No sink in bathroom)",Owner,"","",Cited,""
HSNG-25-1488,"105.CMR.410.570: Maintenance of Areas in a Sanitary and Safe Condition (B) Residences:The occupants of any residence shall be responsible for maintaining, in a sanitary condition and free of refuse or other filth or causes of sickness, that part of the residence which they exclusively occupy or control.",Tenant,"","",Cited,""
HSNG-25-1488,"105.CMR.410.530: Weathertight Elements(A) An exterior openable window shall be considered weathertight only when:(1) All panes of glass are in place, unbroken and properly sealed;(Widow glass broken/missing)(Rear egress door broken)",Both,"","",Cited,""
HSNG-25-1488,105.CMR.410. 630: Conditions Deemed to Endanger or Materially Impair Health or SafetyA-8-10-15,Owner,"","",Cited,""
HSNG-25-1475,CEILING - WATER DAMAGED 105.CMR.410.500 (A) 2LEAK IN BATHROOM CEILING 105.CMR.410.500 (B)BATHROOM CEING WATER DAMAGED LEAK FROM UNIT ABOVE SOURCE UNKNOWN,Owner,"",11/07/2025,Corrected,""
HSNG-25-1451,"105 CMR 410.235 (A,13) Owner’s Installation and Maintenance Responsibilities ( missing smoke and carbon monoxide detectors in basement, second floor, and attic)",Owner,"","",Corrected,""
HSNG-25-1448,"Immediate Condemnation; 1st Flr left side Dwelling Unit and Basement Dwelling Unit105.CMR.410.260: Means of Egress(A) Every residence shall have at a minimum two means of egress and every dwelling unit and rooming unit shall have a sufficient number of egresses as will allow for the safe passage of all people.(B) No person shall cause obstruction of any means of egress or passageway.(C) In a single unit residence, the occupant shall maintain free from obstruction all means of egress.( single family home. Dwelling unit on left side has one means of egress. Basement dwelling unit has one means of egress.)",Owner,"","",Cited,""
HSNG-25-1448,"105.CMR.410.630: Conditions Deemed to Endanger or Materially Impair Health or Safety (A)-8105.CMR.410.003: General Provisions(A) No owner shall allow a person to occupy, offer to rent, or occupy as owner-occupant any residence which does not comply with the requirements of 105 CMR 410.000.(Single family dwelling converted into 3 dwelling units.)",Owner,"","",Cited,""
HSNG-25-1416," 105.CMR.410.180 (A) 1(No heat available in dwelling unit, internal temperature measured at 67.1°F, below minimum requirements)",Owner,"",11/06/2025,Corrected,1352899
HSNG-25-1409,"Immediate condemnation of entire dwelling due to fire.105.CMR.410.003: General Provisions(C) ( Water and electric service shut off due to fire)105.CMR.410.500: Owner's Responsibility to Maintain Building and Structural Elements(A,B)( roof damaged, open to elements. Windows broken, Interior walls and ceilings open to studs, insulation exposed )( Fire and Water damage throughout).105.CMR.410.130: Potable Water/Sanitary Drainage(A)( No water)105.CMR.410.235: Owner’s Installation and Maintenance Responsibilities(A)(12)( exposed wiring, fire damaged fixtures, outlets ,and wiring ).105.CMR.410.260: Means of Egress(A)( egresses blocked by fire debris)105.CMR.410. 330: Smoke Detectors and Carbon Monoxide Alarms(A)( smoke detectors missing,  destroyed )105.CMR.410.570: Maintenance of Areas in a Sanitary and Safe Condition(A)(1,3,5,).( fire debris, trash, mattresses, tires , household items in yard).105.CMR.410. 630: Conditions Deemed to Endanger or Materially Impair Health or Safety(A)(3,5,8,10,12,13, 15).Kitchen damage Damage to windows Roof damage Back yard debrisLitter in back yardLitter,debris on car port",Owner,"",11/20/2025,Cited,1350127
HSNG-25-1408,"CONDEMNATION OF CAMPER BEING USED AS PRIMARY DWELLINGKITCHEN FACILITIES 105.CMR.410.100 (A)1-6(No stove, no kitchen sink, no countertop,)BATHROOM FACILITIES 105.CMR.410.110 (A) 1-6, (B) 1-3(No toilet, not bathroom sink, not bathtub, no shower)ELECTRICAL SERVICE 105.CMR.410.320 (A)1,2,3,4(Temporary wiring being utilized, extension cords throughout)POTABLE WATER/SANITARY DRAINAGE 105.CMR.410.130 (A), (B)HABITABILITY REQUIREMENTS 105.CMR.410.420 (B, D)(Ceiling height at highest point is 79 inches, total habitable floor space is 150 square feet)HEATING SYSTEMS 105.CMR.410.160 (C) 2(propane heating appliance being used) SMOKE DETECTORS AND CARBON MONOXIDE ALARMS 105.CMR.410.330(Detector not operable)CONDITIONS DEEMED TO ENDANGER OR MATERIALLY IMPAIR HEALTH OR SAFETY 105.CMR.410.630 (A) 1, 2,5,6,7, 10,15",Owner,"","",Cited,""
HSNG-25-1408,"MAINTENANCE OF LAND 105.CMR.410.570 (A)1,3,4,5 (B)Dumping of furniture, tires, mattresses, oil barrels, oil containers, scrap metal tarps, trash bulk items etc.",Both,"","",Cited,""
HSNG-25-1401,105.CMR.410.150: Hot WaterThe owner shall provide and maintain in good operating condition facilities capable of heating and delivering hot water:(A) In a quantity and pressure sufficient to satisfy the ordinary use of all plumbing fixtures which normally need hot water for their proper use and function.(B) In a temperature range of not less than 110° F(43°C) and not greater than 130°F (54°C) for fixtures other than a bathtub or shower.(Temp at inspection 177.4 degrees),Owner,1st Flr,"",Cited,""
HSNG-25-1401,"105.CMR.410.235: Owner’s Installation, Maintenance and Repair Responsibilities(A) The facilities and equipment the owner is required to provide include, but are not limited to: (8) Conventional cook top and ovens( Stove not working)",Owner,"","",Corrected,1354430
HSNG-25-1401,"105.CMR.410.235: Owner’s Installation, Maintenance and Repair Responsibilities(A) The facilities and equipment the owner is required to provide include, but are not limited to: (2) Bathtubs and/or Showers; (Shower head broken not functioning properly.)",Owner,"","",Cited,""
HSNG-25-1401,"105.CMR.410.500 Owners responsibility to maintain structural elements.(A-(2) free from holes, cracks, loose plaster, or defects that renders the area, difficult to keep clean, create an injury risk(Paint peeling,bathroom)",Owner,"","",Cited,""
HSNG-25-1401,"105.CMR.410.235: Owner’s Installation, Maintenance and Repair Responsibilities(A) The facilities and equipment the owner is required to provide include, but are not limited to: (1) Sinks;(3) Toilets;(Sink loose,Toilet loose,Toilet seat unattached)",Owner,"","",Cited,""
HSNG-25-1401,"105.CMR.410.500 Owners responsibility to maintain structural elements.(A) every owner of a residence shall maintain all building structural elements in compliance with accepted standards, so they are in good repair, and in every way fit for intended use.(2) free from holes, cracks, loose plaster, or defects that renders the area, difficult to keep clean, create an injury risk( Ceiling and wall damage throughout unit)",Owner,"","",Cited,""
HSNG-25-1384,"HEAT IS INSUFFICIENT 105.CMR.410.180 (A)(1) ( emergency no heat, temperature of apartment at time of inspection was 66°F) ",Owner,"","",Cited,""
HSNG-25-1372,Immediate condemnation of entire dwellingCURTAILMENT OF SERVICE 105.CMR.410.003 ( C )(Water services shut off due to nonpayment) Conditions Deemed to Endanger or Materially Impair Health or Safety - 105.CMR.410.630(3) ,Owner,"","",Cited,""
HSNG-25-1370,"Immediate condemnation of dwelling.105.CMR.410.003: General Provisions(C)( water shut off) by Spfld. water and Sewer on 10/20/25 due to non- payment.105.CMR.410.130: Potable Water/Sanitary Drainage(A)( water shut off)105.CMR.410.630: Conditions Deemed to Endanger or Materially Impair Health or Safety(A)(3,5)",Owner,"",10/29/2025,Cited,1349462
HSNG-25-1369,"Immediate condemnation to dwelling.105.CMR.410.003: General Provisions(C)( water shut off) by Spfld. Water and Sewer on 10/20/25, Due to non- payment.105.CMR.410.130: Potable Water/Sanitary Drainage(A)( water shut off)105.CMR.410.630: Conditions Deemed to Endanger or Materially Impair Health or Safety(A)(3,5).",Owner,"",10/29/2025,Cited,1349468
HSNG-25-1364,"IMMEDIATE CONDEMNATION OF FIRST FLOOR DWELLING UNITOWNER’S INSTALLATION, MAINTENANCE AND REPAIRS RESPONSIBILITIES 105.CMR.410.235(A)4,6,12,13(smoke and carbon detectors missing, furnace inoperable, exposed wires, windows broken, bathtub in disrepair)OWNER'S RESPONSIBILITY TO MAINTAIN BUILDING AND STRUCTURAL ELEMENTS 105.CMR.410.500(A)(Rear porch stair handrail broken)OWNER’S INSTALLATION, MAINTENANCE AND REPAIRS RESPONSIBILITIES 105.CMR.410.235 TOILET LOOSE 105.CMR.410.235 (A)3TOILET LOOSE AT THE BASESOIL PIPE LEAKING 105.CMR.410.235(A)9 LEAKING INTO BASEMENT FROM BATHROOMCEILING - TILE WATER DAMAGED BROKING MISSING 105.CMR.410.500 (A) 2BATHROOMHEATING SYTEMS 105.CMR.410.160 (A)HEATING SYSTEM - FAULTY - HAZARDOUS 105.CMR.410.235 (A) 6Furnace is inoperableHOT WATER 105.CMR.410.150 (A, B, C) WATER TEMPERATURE 55.2 DEGREES UPON INSPECTIONSMOKE DETECTORS AND CARBON MONOXIDE ALARMS 105.CMR.410.330(A) No smoke or carbon monoxide alarms present in the unitCEILING - BROKEN PLASTER, PEELING, FLAKING, SAGGING ROTTED HAZARDAOURS 105.CMR.410.500 (A) 2KITCHEN CEILING WATER DAMAGED LEAK FROM SECOND FLOORSTORM WINDOWS REPAIR OR REPLACE 105.CMR.410.500 (A) 2Bathroom and Living room windows broken/rottedELIMINATION OF PESTS 105.CMR.410.550(B)Roaches throughout unitMAINTENANCE OF AREAS IN A SANITARY AND SAFE CONDITION 105.CMR.410.570 (A)1,5 (C)1Pile of miscellaneous debris in rear yard including mattresses, furniture etc.EXPOSED WIRES 105.CMR.410.235 (A) 12FRONT ENTRANCE TO THE UNIT EXPOSED WIRES LIGHT FIXTURE MISSINGPROTECTIVE RAILINGS AND WALLS 105.CMR.410.520 (A)1Rear porch stair handrail brokenCONDITIONS DEEMED TO ENDANGER OR MATERIALLY IMPAIR HEALTH OR SAFETY 105.CMR.410.630 (A)1, 2, 6,10, 13, 15,16,17S",Owner,"",10/29/2025,Cited,""
HSNG-25-1364,DWELLING UNIT UNSANITARY (TENANT) 105.CMR.410.570 (B)Clothes and trash strewn on bedroom floors,Tenant,"","",Cited,""
HSNG-25-1363,"105.CMR.410.180: Temperature Requirements(A) The owner shall provide heat in every habitable room and every room containing a toilet, shower, or bathtub from September 15th through May 31st inclusive so that it shall be:(1) At least 68°F(20°C)between 7:00 A.M. and 11:00 P.M.; and (2) At least 64°F (17°C)between 11:01 P.M. and 6:59 A.M.(B) At no time shall the heating system, required by 105 CMR 410.160(A), used during the heating season cause the temperature to exceed 78°F(25°C)in any room. ( temp at time of inspection 64.9 ° F )",Owner,"","",Cited,1349387
HSNG-25-1363,"105.CMR.410.500 Owner’s Responsibility to maintain Building and Structural Elements (A) every owner of a residence shall maintain all building structural elements in compliance with accepted standards, so they are in good repair, and in every way fit for intended use, including:(1) protected from wind, rain, and snow, and our weather, tight, free from excess moisture, or the appearance of mold and pest resistant; and(2) free from holes, cracks, loose plaster, or defects that renders the area, difficult to keep clean, create an injury risk, or provided entry or harborage of pest.( ceiling in front bedroom plaster broken, water damage from 2nd floor unit )",Owner,"","",Cited,""
HSNG-25-1355,"Immediate condemnation of entire dwelling ( Due to fire)105.CMR.410.003: General Provisions(C) ( No Electric service  due to a fire)105.CMR.410.500: Owner's Responsibility to Maintain Building and Structural Elements(A)(B)( Roof open to elements, Exterior walls open to elements, exposed studs, insulation . Smoke ,Fire , and Water damage to interior and exterior structure.)( exterior siding, shingles damaged)105.CMR.410.235: Owner’s Installation, Maintenance and Repair Responsibilities(A)( 12)( exposed wiring)105.CMR.410. 330: Smoke Detectors and Carbon Monoxide Alarms(A)( damaged smoke detectors)105.CMR.410.570: Maintenance of Areas in a Sanitary and Safe Condition(A)(1,3,5).( fire debris around perimeter of house)105.CMR.410. 630: Conditions Deemed to Endanger or Materially Impair Health or Safety(A)(3,10,12,15).Damage to roof/atticAttic above dining areaDamage to ceilingHallwayDamage to ceiling/walls Kitchen areaDamage to ceiling Living roomDamage to roof/sidingExterior leftDamage to siding Left sideFire debrisBack yard",Owner,"",11/27/2025,Cited,1349095
HSNG-25-1307,"IMMEDIATE CONDEMNATION OF ENTIRE DWELLING DUE TO CURTAILMENT OF ALL UTILITIES105 CMR 410.003 General Provisions (C)(curtailment of services Gas, Water, Electricity all shut off due to flooding in basement)105 CMR 410.130 (A) Potable Water/Sanitary Drainage(no water flowing from pipes)105 CMR 410.330 Smoke Detectors and carbon Monoxide Alarms (A)(Missing smoke detector front second floor hall landing)(Missing smoke and carbon monoxide detector first floor unit)105 CMR 410.235 (A,1) Owner's Installation and Maintenance Responsibilities(first floor bathroom vanity leaning forward)105 CMR 410.500 (A,1,2) Owner's Responsibility to Maintain Building and Structural Elements(First floor kitchen cabinets need repairs, First floor kitchen floor damaged, first floor bathroom room and bedroom doors damaged, siding loose, damaged rear storm door, peeling paint, large pool of water in basement)105 CMR 410.550 (B) Elimination of Pests(Roaches throughout)105 CMR 410.570 Maintenance of Areas in a Sanitary and Safe Condition (A,1,5)(C,1)(Bulk items and miscellaneous items in yard(mattresses, tables, walkers, etc..))(unsanitary common areas)105 CMR 410.260 Means of Egress (B)(front porch exit obstructed by furniture and household items)105 CMR 410.630 Conditions Deemed to Endanger or Materially Health and Safety(A,3,5,8,10,12,15,17)",Owner,"","",Cited,""
HSNG-25-1307,105 CMR 410.570 Maintenance of Areas in a Sanitary and Safe Condition (B)(unsanitary conditions in first floor unit: heavy fire load),Tenant,"","",Cited,""
HSNG-25-1295,"THE HOT WATER TEMPERATURE WAS 69° AT TIME OF INSPECTION. 10:30 AM.*(105.CMR.410.235.) (C) 1, 2, 3 OWNERS INSTALLATION, MAINTENANCE AND REPAIR RESPONSIBILITIES.*(105.CMR.410.500) (A) 1, 2, (B)  OWNERS, RESPONSIBILITY TO MAINTAIN BUILDING AND STRUCTURAL ELEMENTS",Owner,3B,"",Cited,""
HSNG-25-1282,"105 CMR 410.235 Owner’s Installation and Maintenance Responsibilities (A,13)(Missing smoke and carbon monoxide detectors throughout)105 CMR 410.260 Means of Egress (B)(D,1,3)(Front exit blocked and Locked where no one can enter or exit)",Owner,"",10/23/2025,Corrected,""
HSNG-25-1275,"structural members -  105.CMR.410.500 (A) (1) (2) (Ceilings and walls, water, damaged, holes, cracking, chipping, exposed framing, in multiple areasof the unit, front stairway, hallway, bedroom, number one, bedrooms, number two, second-floor bathroom,bedroom, closets, kitchen, floor tiles, cracking, second floor bedroom, door, off of hinges, kitchen, pantry, etc.) Owner’s Installation, Maintenance and Repair Responsibilities -  105.CMR.410.235 (A)(6) (12) (Heating system is faulty, not providing heat, light fixture in bedroom number one, hanging, exposed wires, bedroom outlets, missing covers) INFESTATION OF ROACHES - RAT - MICE - VERMIN 105.CMR.410.550 (A) ( B)(Infestation of mice) HEAT IS UNSUFFICIENT 105.CMR.410.180 (A)(1) ( emergency no heat, temperature of apartment apartment at time of inspection was 67.5°F) DOORS NOT WEATHERTIGHT 105.CMR.410.530 (B) (3) (A) (Front main entry door, weathering strips missing, light shines directly through the door, air felt through door framing) ",Owner,"","",Cited,""
HSNG-25-1272,"Immediate condemnation entire dwelling 105. CMR.410.003: General Provisions ( C)( water shut off)105.CMR.410.130: Potable Water/Sanitary Drainage (A)( water shut off)105.CMR.410. 630: Conditions Deemed to Endanger or Materially Impair Health or Safety(A)(1,3,5)",Owner,"",10/21/2025,Cited,1347010
HSNG-25-1267,105.CMR.410.003: General Provisions(C) (No water service due non payment),Owner,"","",Cited,""
HSNG-25-1261,"105.CMR.410.130: Potable Water/Sanitary Drainage(A) The owner shall provide a supply of potable water sufficient in quantity and pressure to meet the ordinary needs of every occupant.(Water Shut Off)105.CMR.410. 630: Conditions Deemed to Endanger or Materially Impair Health or Safety(A) The following conditions, when found to exist in a residence, shall always be deemed conditions which may endanger or materially impair the health, or safety and well-being of a person or persons occupying the premises:(1) Failure to provide and maintain a supply of water sufficient in quantity, pressure and temperature, both hot and cold, to meet the ordinary needs of the occupant, required by 105 CMR 410.130, 410.140, and 410.150, for a period of 24 hours or longer.",Owner,"","",Cited,""
HSNG-25-1246,105.CMR.410.130: Potable Water/Sanitary Drainage(A) The owner shall provide a supply of potable water sufficient in quantity and pressure to meet the ordinary needs of every occupant.(No Water Service),Owner,"","",Corrected,""
HSNG-25-1246,"105.CMR.410. 630: Conditions Deemed to Endanger or Materially Impair Health or Safety(A) The following conditions, when found to exist in a residence, shall always be deemed conditions which may endanger or materially impair the health, or safety and well-being of a person or persons occupying the premises:(1) Failure to provide and maintain a supply of water sufficient in quantity, pressure and temperature, both hot and cold, to meet the ordinary needs of the occupant, required by 105 CMR 410.130, 410.140, and 410.150, for a period of 24 hours or longer.(No Water)",Owner,"","",Corrected,""
HSNG-25-1243,"105 CMR 410.500 (A,2) Owners Responsibility to Maintain Building and Structural Elements (STRUCTURAL MEMBERS ARE UNSOUND: Foundation is crumbling bricks and mortar are missing)105 CMR 410.630 Conditions Deemed to Endanger or Materially Impair Health or Safety(A,12)",Owner,"","",Cited,""
HSNG-25-1212,"105.CMR.410.180: Temperature Requirements(A) The owner shall provide heat in every habitable room and every room containing a toilet, shower, or bathtub from September 15th through May 31st inclusive so that it shall be:(1) At least 68°F(20°C)between 7:00 A.M. and 11:00 P.M.; and (2) At least 64°F (17°C)between 11:01 P.M. and 6:59 A.M.( unable to get correct temperature,space heater in use.Temp at inspection 70.1)",Owner,"","",Corrected,""
HSNG-25-1212,"105.CMR.410.160: Heating Systems(A) The owner shall provide and maintain in good operating condition a heating system that includes a distribution system capable of heating every habitable room and every room containing a toilet, shower, or bathtub to such temperature required by 105 CMR 410.180.(Heating system violations also written by Plumbing and Gas Dept.)",Owner,"","",Corrected,""
HSNG-25-1212,"105.CMR.410.003: General Provisions(B) Unless otherwise specified in 105 CMR 410.000, the owner is responsible for providing all maintenance, repairs, and equipment necessary to achieve compliance with 105 CMR 410.000.(C) No owner or occupant shall cause any service, facility, equipment, or utility which is required to be made available by 105 CMR 410.000, or any optional service, facility, equipment, or utility provided by the owner, to be removed from or shut off from any occupied residence except for such temporary period as may be necessary during actual repairs or alterations and where reasonable notice of curtailment of service is given to the occupant, or during temporary emergencies when curtailment of service is approved by the board of health. If any such service, facility, equipment, or utility becomes curtailed, the responsible party shall take immediate steps to cause its restoration. (Owner to hire Licensed Plumber to repair heating system with proper permits acquired) ",Owner,"","",Corrected,""
HSNG-25-1212,"105.CMR.410. 630: Conditions Deemed to Endanger or Materially Impair Health or Safety(A) The following conditions, when found to exist in a residence, shall always be deemed conditions which may endanger or materially impair the health, or safety and well-being of a person or persons occupying the premises:(2) Failure to provide heat as required by 105 CMR 410.180",Owner,"","",Corrected,""
HSNG-25-1197,"105.CMR.410.180: Temperature Requirements(A) The owner shall provide heat in every habitable room and every room containing a toilet, shower, or bathtub from September 15th through May 31st inclusive so that it shall be:(1) At least 68°F(20°C)between 7:00 A.M. and 11:00 P.M.; and (2) At least 64°F (17°C)between 11:01 P.M. and 6:59 A.M.(B) At no time shall the heating system, required by 105 CMR 410.160(A), used during the heating season cause the temperature to exceed 78°F(25°C)in any room.(Temperature at inspection below 68 degrees)",Owner,"","",Cited,""
HSNG-25-1191,105.CMR.410. 330: Smoke Detectors and Carbon Monoxide Alarms (A)(Smoke and CO detector missing in living room outside bedroom),Owner,Second floor unit,10/24/2025,Cited,""
HSNG-25-1185,105.CMR.410.150 Hot WaterThe owner shall provide and maintain in good operating condition facilities capable of heating and delivering hot water:(A) In a quantity and pressure sufficient to satisfy the ordinary use of all plumbing fixtures which normally need hot water for their proper use and function.(B) In a temperature range of not less than 110° F(430°C) and not greater than 130°F (540°C) for fixtures other than a bathtub or shower.(C) In a temperature range of not less than 110°F (430°C)and not greater than 120°F(480°C) for a bathtub or shower.,Owner,"",10/20/2025,Corrected,""
HSNG-25-1185,"HEAT IS UNSUFFICIENT 105.CMR.410.180 (A)Unit temperature 63 degrees upon inspectionHeating Systems 105.CMR.410.160A) The owner shall provide and maintain in good operating condition a heating system that includes a distribution system capable of heating every habitable room and every room containing a toilet, shower, or bathtub to such temperature required by 105 CMR 410.180.","","",10/20/2025,Corrected,1345650
HSNG-25-1185,TOILET DOES NOT FLUSH 105.CMR.410.235 (A) 3,Owner,"",10/20/2025,Cited,""
HSNG-25-1180,"Smoke Detectors and Carbon Monoxide Alarms 105.CMR.410. 330: (A) (Emergency no smoke detectors within unit) Owner’s Installation, Maintenance and Repair Responsibilities -  105.CMR.410.235 (A)(9)(Bathroom sink, drain, clogged) structural members -  105.CMR.410.500 (A) (1) (2) (Bathroom ceiling, water damage, bedroom number top window seal does not shut completely) ",Owner,"","",Cited,""
HSNG-25-1167,"Condemnation;No Water105.CMR.410. 630: Conditions Deemed to Endanger or Materially Impair Health or Safety(A) The following conditions, when found to exist in a residence, shall always be deemed conditions which may endanger or materially impair the health, or safety and well-being of a person or persons occupying the premises:(3) Shutoff and/or failure to restore electricity, gas, or water.(Water shut off)",Owner,"","",Corrected,""
HSNG-25-1167,105.CMR.410.130: Potable Water/Sanitary Drainage(A) The owner shall provide a supply of potable water sufficient in quantity and pressure to meet the ordinary needs of every occupant.( Water shut off in the Street),Owner,"","",Corrected,""
HSNG-25-1167,"105.CMR.410.003: General Provisions(A) No owner shall allow a person to occupy, offer to rent, or occupy as owner-occupant any residence which does not comply with the requirements of 105 CMR 410.000.(C) No owner or occupant shall cause any service, facility, equipment, or utility which is required to be made available by 105 CMR 410.000, or any optional service, facility, equipment, or utility provided by the owner, to be removed from or shut off from any occupied residence except for such temporary period as may be necessary during actual repairs or alterations and where reasonable notice of curtailment of service is given to the occupant, or during temporary emergencies when curtailment of service is approved by the board of health. If any such service, facility, equipment, or utility becomes curtailed, the responsible party shall take immediate steps to cause its restoration.(No water service)",Owner,"","",Corrected,""
HSNG-25-1164,"CURTAILMENT OF SERVICE 105.CMR.410.003 ( C )(Water services shut off due to nonpayment) Conditions Deemed to Endanger or Materially Impair Health or Safety - 105.CMR.410.630(3) LITTER OCCUPIED CHAPTER 327 Article I § 327-13 L. (1) (A)(Trash, litter, in front yard, sink, vanities, gas, cans, bulk items, etc.) ",Owner,"","",Cited,""
HSNG-25-1163,"Immediate condemnation of entire dwellingCURTAILMENT OF SERVICE 105.CMR.410.003 ( C )(Water services shut off on Sept 9, 2025 due to nonpayment) Conditions Deemed to Endanger or Materially Impair Health or Safety - 105.CMR.410.630(A) 1,3105.CMR.410.130 (A) Potable water/sanitary drainage (no water)",Owner,"","",Cited,""
HSNG-25-1161," 105.CMR.410.270 (A) (1)(Main entryway door to 292 Union St does not lock, neither does interior door, one of these doors must lock automatically for residence to be secured)",Owner,"",10/16/2025,Corrected,1344878
HSNG-25-1155,"Immediate condemnation of entire dwelling105.CMR.410.003: General Provisions(C)no water (shut off by Springfield Water & Sewer 9-15-2025 for non payment) and no Electricity (shut off by Eversource 5-15-2025 for non payment)105 CMR 410. 130(A) Portable water / Sanitary Drainage (NO WATER) 105 CMR 410. 630(A) 1,3,5 Conditions deemed to Endanger or Materially Impair Health or Safety",Owner,"","",Cited,""
HSNG-25-1154,"IMMEDIATE CONDEMNATION—ENTIRE DWELLING UNIT  ILLEGAL 3RD FLOOR 105 .CMR .410.003: (A)(C)General Provisions( Illegal 3rd floor unit , NO heat temp at time of inspection 67.4°F, No water , No electricity ) 105.CMR.410.130: (A)Potable Water/Sanitary Drainage( No water to dwelling unit )105.CMR.410.180: ( A 1)Temperature Requirements( Temp at time of inspection 67.4° F )105.CMR.410.200: (A)Provision and Metering of Electricity or Gas( no electricity to unit )105.CMR.410.235: (A 12,13)Owner’s Installation and Maintenance Responsibilities ( light fixtures not working , smoke detectors missing )105.CMR.410.260: (A)Means of Egress( third floor does not have two means of egress )105.CMR.410.330: (A)Smoke Detectors and Carbon Dioxide Detectors( smokes/ Co2 detectors missing )105.CMR.410.630: ( A 2,3,5,8,13, 15 )Conditions Deemed to Endanger or Materially Impair Health or Safety ",Owner,"","",Cited,""
HSNG-25-1154,"",Owner,"","",Cited,""
HSNG-25-1154,"",Owner,"","",Cited,""
HSNG-25-1154,"",Owner,"","",Cited,""
HSNG-25-1152,"Immediate condemnation of entire dwelling105.CMR.410. 630: Conditions Deemed to Endanger or Materially Impair Health or Safety (A) (1) (3) (5)(A) The following conditions, when found to exist in a residence, shall always be deemed conditions which may endanger or materially impair the health, or safety and well-being of a person or persons occupying the premises:(1) Failure to provide and maintain a supply of water sufficient in quantity, pressure and temperature, both hot and cold, to meet the ordinary needs of the occupant, required by 105 CMR 410.130, 410.140, and 410.150, for a period of 24 hours or longer.(3) Shutoff and/or failure to restore electricity, gas, or water.(Water shut off to entire dwelling from Water Department due to nonpayment)105.CMR.410.130: Potable Water/Sanitary Drainage (A)(A) The owner shall provide a supply of potable water sufficient in quantity and pressure to meet the ordinary needs of every occupant.(no water to dwelling) 410.003: General Provisions (C)(C) No owner or occupant shall cause any service, facility, equipment, or utility which is required to be made available by 105 CMR 410.000, or any optional service, facility, equipment, or utility provided by the owner, to be removed from or shut off from any occupied residence except for such temporary period as may be necessary during actual repairs or alterations and where reasonable notice of curtailment of service is given to the occupant, or during temporary emergencies when curtailment of service is approved by the board of health. If any such service, facility, equipment, or utility becomes curtailed, the responsible party shall take immediate steps to cause its restoration. (See M.G.L. c. 186, § 14).(water has been shut off to entire dwelling due to nonpayment on 10/6/25)",Owner,Entire dwelling,10/17/2025,Cited,""
HSNG-25-1151," 105.CMR.410.003 (C)(Water service shut off, no water supply for residence)",Owner,"",10/17/2025,Corrected,""
HSNG-25-1150,"105.CMR.410.003: General Provisions(C)( water shut off)105.CMR.410.130: Potable Water/Sanitary Drainage (A) ( water shut off)105.CMR.410. 630: Conditions Deemed to Endanger or Materially Impair Health or Safety(A)(1,3,5).",Owner,"",10/17/2025,Cited,1345056
HSNG-25-1143,105.CMR.410.003: General Provisions(C)(Water service shutoff),Owner,"","",Cited,""
HSNG-25-1142,"105.CMR.410. 630: Conditions Deemed to Endanger or Materially Impair Health or Safety (A) (1) (3)(A) The following conditions, when found to exist in a residence, shall always be deemed conditions which may endanger or materially impair the health, or safety and well-being of a person or persons occupying the premises:(1) Failure to provide and maintain a supply of water sufficient in quantity, pressure and temperature, both hot and cold, to meet the ordinary needs of the occupant, required by 105 CMR 410.130, 410.140, and 410.150, for a period of 24 hours or longer.(3) Shutoff and/or failure to restore electricity, gas, or water.(Water shut off to to entire dwelling from Water Department due to nonpayment)105.CMR.410.130: Potable Water/Sanitary Drainage (A)(A) The owner shall provide a supply of potable water sufficient in quantity and pressure to meet the ordinary needs of every occupant.(no water to dwelling) 410.003: General Provisions (A) (C)(water has been shut off to entire dwelling)",Owner,Entire dwelling,10/17/2025,Cited,""
HSNG-25-1141, 105.CMR.410.330 (A)(Dwelling unit has no smoke detectors installed),Owner,"",10/16/2025,Cited,1344866
HSNG-25-1137," 105.CMR.410.330 (A)(Dwelling unit does not have a carbon monoxide alarm, another smoke detector is required in unit due to its size, only one in the hallway)",Owner,"",10/16/2025,Corrected,1344797
HSNG-25-1136,"IMMEDIATE CONDEMNATION-ENTIRE DWELLING DUE TO FIRE105 CMR 410.003 (C) Genral Provisions(gas and electricity shut off due to fire)105 CMR 410.235 (A,12,13) Owner's Installation and Maintenace Responsibilities)(smoke and co detectors missing due to fire)(Fixtures and outlets compromised due to water and fire)105 CMR 410.330 (A) Smoke Detectors and Carbon Monoxide Alarms(Smoke and CO Detectors missing due to fire)105 CMR 410.500 (A 1,2) Owner's Responsibility to Maintain Building and Structural Elements(walls, floor, ceilings open to elements due to fire, smoke and water damage throughout entire dwelling due to fire, windows missing due to fire)105 CMR 410.520 (A,1) Protective Railings and Walls(railing front second floor hall stairwell ripped off)105 CMR 410.630 (A,3,10,12,13,15,16) Conditions Deemed to Endanger or Materially Impair Health or safety","","","",Cited,""
HSNG-25-1136,105 CMR 410.570 (B) Maintenance of Areas in a Sanitary and Safe Condition(dog feces throughout second floor unit),Tenant,"","",Cited,""
HSNG-25-1110,"105.CMR.410. 330: Smoke Detectors and Carbon Monoxide Alarms (A)(A) The owner shall provide, install, and maintain in operable condition smoke detectors and carbon monoxide alarms in every residence that is required to be equipped with smoke detectors and carbon monoxide alarms in accordance with M.G.L. c. 148, §§ 26 C-F1/2 and 780 CMR: Massachusetts State Building Code, 527 CMR 1.00: Massachusetts Comprehensive Fire Safety Code, and 248 CMR 10.00: Uniform State Plumbing Code and in compliance with accepted standards as defined by 105 CMR 410.010.(Missing smoke CO detector in living room)(Missing smoke detector in rear second floor hallway)(Missing hardwired smoke and CO detector in bedroom on second floor)(Missing hardwired smoke and CO detector in third floor bedroom)(Missing hardwired smoke and CO detector in basement)(Non-functioning smoke and CO detector in third floor hallway)(Non-functioning smoke and CO detector in third floor bedroom)Note: Referral made to Springfield Fire Department - Owner must contact Springfield Fire Department at 413-787-6410 to obtain a compliance certificate verifying correction of above violations.Note: Dwelling does have one working hardwired smoke and CO detector in basement",Owner,Second and third floor,10/24/2025,Cited,""
HSNG-25-1096,"Immediate Condemnation of Second Floor & Attic Conditions Deemed to Endanger or Materially Impair Health or Safety - 105.CMR.410.630 (A) (1) (2) (6) (7) (10) (12) (13) INSUFFICIENT HOT WATER 105.CMR.410.150 (B) (C)(emergency, no hot water, hot water temperature at time of inspection was 67.5°F) NO HEAT - 105.CMR.410.180 (A)(1) (2) (emergency no heat, temperature of apartment at time of inspection was 55.6°F at time of inspection) Kitchen Facilities -  105.CMR.410.100 (A) (5) (Emergency no cooking facilities/stove) structural members -  105.CMR.410.500 (A) (1) (2) (Kitchen, ceiling, water damage, Second floor, hallway, ceiling, water, damaged, holes, second floor and third floor bathrooms, open walls, exposed framing,) Owner’s Installation, Maintenance and Repair Responsibilities -  105.CMR.410.235 (A) (12) (Exposed wires, first floor bathroom, second floor bathroom outlets missing covers) Bathroom facilities 105.CMR.410.110 (B) (2) (3) (third-floor bathroom bathtub/shower have been removed, and missing sink)Owner’s Installation, Maintenance and Repair Responsibilities -  105.CMR.410.235 (A) (3)(Second and third floors bathroom toilet disconnected at time of inspection) MAINTENANCE OF LAND AND AREAS 105.CMR.410.570 (A) (1) (C) (1) (Refuse/trash bag in front yard, Common areas of shared second floor and third floor are filled with bulk/litter/trash/miscellaneous debris, bathrooms, kitchen, area, etc.",Owner,"","",Cited,""
HSNG-25-1090," 105.CMR.410.270 (A) 3(Main entryway door to residence does not lock, broken, unsecured from unlawful entry)",Owner,"",10/10/2025,Corrected,1342971
HSNG-25-1084," 105.CMR.410.270 (A) (1) (2) (6)(Rear entryway door was jammed shut but now does not lock, bedroom window on first floor is broken, dwelling unit is unsecured from unlawful entry)",Owner,"",10/10/2025,Cited,""
HSNG-25-1084," 105.CMR.410.530 (A) (1) (2) (Broken glass pane in bedroom window, living room window is sealed shut)",Owner,"",10/10/2025,Cited,""
HSNG-25-1084," 105.CMR.410.500 (A) 2(Floorboards in bedroom rising, floor sloping on other side of same room)",Owner,"",10/10/2025,Cited,""
HSNG-25-1084, 105.CMR.410.235 (A) 8(Stove top missing two burners),Owner,"",10/10/2025,Cited,""
HSNG-25-1084,"105.CMR.410.570 (B)(Dwelling unit is unsanitary, dog droppings and urine on kitchen floor, accumulation of litter/waste, soiled laundry)",Tenant,"",10/10/2025,Cited,""
HSNG-25-1084, 105.CMR.410.510 (Structural damage to bedroom door caused by tenant),Tenant,"","",Cited,""
HSNG-25-1069,"IMMEDIATE CONDEMNATION ENTIRE DWELLING DUE TO CONDITIONS DEEMED UNSAFE MISSING DETECTORS AND EXPOSED WIRING 105.CMR.410.003: General Provisions(C) (No water service)105 CMR 410.520 Protective Railings and Walls (A,2)(missing guard)105.CMR.410.330: Smoke Detectors and Carbon Monoxide Alarms(A)(No smoke detectors throughout unit 2nd and 3rd floor and basement)105 CMR 410.235 Owner’s Installation and Maintenance Responsibilities (A,12)( electrical panel completely exposed, wires exposed in other areas of basement)105 CMR 410.630 Conditions Deemed to Endanger or Materially Impair Health or Safety (13,15,16)",Owner,"","",Cited,""
HSNG-25-1068,"IMMEDIATE CONDEMNATION DUE TO WATER SHUT OFF FOR NON- PAYMENT105.CMR.410.003: General Provisions(C)(water shut off) 105.CMR.410.130: Potable Water/Sanitary Drainage(A)( water shut off)105.CMR.410. 630: Conditions Deemed to Endanger or Materially Impair Health or Safety(A)(1,3,5)( water shut off)",Owner,"",10/08/2025,Cited,1342062
HSNG-25-1017,"","","","",Corrected,""
HSNG-25-1017,"IMMEDIATE CONDEMNATION— 3rd floor unit one means of egress .105 .CMR .410.003: (A)General Provisions( illegal 3rd floor unit with one means of egress ) 105.CMR.410.260: (A) Means of Egress(One means of egress 3rd floor unit )105.CMR.410.330: Smoke Detectors and Carbon Dioxide Detectors ( smoke/co2 detector not working in basement and 3rd floor unit ) 105.CMR.410.630: (A 8,15 )Conditions  Deemed to Endanger or Materially Impair Health or Safety ",Owner,"","",Cited,""
HSNG-25-1012,"INSUFFICIENT HOT WATER 105.CMR.410.150 (B) ( C )(Emergency no hot water, hot water temperature at time of inspection was 65.3°F)Owner’s Installation, Maintenance and Repair Responsibilities -  105.CMR.410.235 (A)(7)(12)( emergency, hot water heater/boiler leaking in basement, exposed wires in basement, multiple outlets missing covers throughout unit)structural members -  105.CMR.410.500 (A) (1) (2) (Multiple broken windows, living room, kitchen, bedroom number one, left side second floor, porch, floorboards, broken, loose, unsecured, room, number two wall outlet access point open, hole in wall)",Owner,"","",Cited,""
HSNG-25-1004,105.CMR.410.260: ( A)Means of Egress( egress blocked due to fire ),Owner,"","",Cited,""
HSNG-25-1004,105.CMR.410.570: ( A)Maintenance of Areas in a Sanitary and Safe Condition( Fire debris in driveway ),Owner,"","",Cited,""
HSNG-25-1002,CURTAILMENT OF SERVICE 105.CMR.410.003 ( C )Water Service Shut Off due to nonpayment Potable Water/Sanitary Drainage 105.CMR.410.130,Owner,"",10/06/2025,Cited,""
HSNG-25-996,"CURTAILMENT OF SERVICE 105.CMR.410.003 ( C )Per Springfield Water and Sewer water service has been shut off due to non-payment on 9-29-2025Potable Water/Sanitary Drainage 105.CMR.410.130 (A)Conditions Deemed to Endanger or Materially Impair Health or Safety 105.CMR 410.630 (A) 1,3",Owner,"",10/06/2025,Cited,""
HSNG-25-977,IMMEDIATE CONDEMNATION - Illegal rooms in basement105.CMR.410.003: (A)General Provisions( 3 rooms in basement being used for sleeping purposes)105.CMR.410.260: (A) Means of Egress(Only one means of egress in basement )105.CMR.410.630: (A8)(A13)(A15)Conditions Deemed to Endanger or Materially Impair Health or Safety ,Owner,"","",Cited,""
HSNG-25-977,105.CMR.410.330: ( A)Smoke Detectors and Carbon Dioxide Detectors ( smoke detectors missing common area rear hallway ),Owner,"","",Cited,""
HSNG-25-977,105.CMR.410.270: Locks( padlocks being used ),Owner,"","",Cited,""
HSNG-25-977,"105.CMR.410.320:(A 1,3) Electrical Service( extension cords being used throughout basement for hot plates, Etc. )",Both,"","",Cited,""
HSNG-25-977,105.CMR.410.235: ( A 12) Owner’s Installation and Maintenance Responsibilities ( exposed wiring ).,Owner,"","",Cited,""
HSNG-25-977,105.CMR.410.430: (A1) Natural Light and Obstructions( No windows in bedroom # 3 ),Owner,"","",Cited,""
HSNG-25-976,"105 CMR 410.235 (A,13) Owner’s Installation and Maintenance Responsibilities (Smoke detector missing in bedroom right and hanging on third floor hall)",Owner,"",10/03/2025,Corrected,""
HSNG-25-972,"105 CMR 410.235 Owner’s Installation and Maintenance Responsibilities (A,13)(Non working and missing smoke detectors in front hall from first floor up to the third and in third floor unit)",Owner,"","",Corrected,""
HSNG-25-958," 105.CMR.410.500 (A) (1) (2)(Severe structural damage in bathroom, ceiling collapsed, evidence of water damage, structural violations throughout unit)",Owner,"",10/06/2025,Corrected,""
HSNG-25-958," 105.CMR.410.235 (A) 12(Incorrectly wired outlets throughout unit, potential hazards, faulty light fixture)",Owner,"",10/06/2025,Corrected,""
HSNG-25-952," 105.CMR.410.330 (A)(Insufficient amount of smoke detectors in unit, only one in kitchen, another is needed in hallway or front bedroom)",Owner,"",10/02/2025,Corrected,1339832
HSNG-25-945," 105.CMR.410.500 (A) (1) (2)(Severe water damage and evidence of excess moisture throughout unit, heavy buildup of mold like substance, ceiling collapsed in living room, water damaged ceiling tiles, damaged and jammed doors)",Owner,"",10/03/2025,Cited,""
HSNG-25-945," 105.CMR.410.235 (A) 12(Water damage end evidence of excess moisture around pantry light fixture, appears hazardous)",Owner,"",10/03/2025,Cited,""
HSNG-25-938,"*THE HOT WATER TEMPERATURE WAS 69° AT TIME OF INSPECTION.(105. CMR. 410. 150.) HOT WATER.  (A) (B) ( C)(105. CMR. 410. 235.) OWNERS, INSTALLATION, MAINTENANCE AND REPAIR RESPONSIBILITIES. (A) 4",Owner,L5,10/06/2025,Cited,""
HSNG-25-890,"105.CMR.410.500 (A) (1) (2)(Severe structural damage in rear bedroom ceiling, caved in, insulation and debris present within dwelling)",Owner,"",09/29/2025,Corrected,""
HSNG-25-879,"105.CMR.410.260: Means of Egress (D) (2)(D) In a multi-unit residence:(2) The owner shall ensure every means of egress is maintained at all times in a safe, operable condition(Front door to second floor unit takes excessive effort to open)105.CMR.410.270:Locks (A) The owner shall provide, install and maintain locks in the following manner and shall comply with the requirements of 780 CMR: Massachusetts State Building Code and 521 CMR: Architectural Access Board Regulations, and M.G.L. c. 143 § 3R so that:(2) Every entry door of a dwelling unit shall be capable of being secured against unlawful entry.(Deadbolt lock cannot be secured from the inside. Tenant can only lock deadbolt from outside with a key)",Owner,Second floor,"",Corrected,""
HSNG-25-879,"105.CMR.410. 330: Smoke Detectors and Carbon Monoxide Alarms(A) The owner shall provide, install, and maintain in operable condition smoke detectors and carbon monoxide alarms in every residence that is required to be equipped with smoke detectors and carbon monoxide alarms in accordance with M.G.L. c. 148, §§ 26 C-F1/2 and 780 CMR: Massachusetts State Building Code, 527 CMR 1.00: Massachusetts Comprehensive Fire Safety Code, and 248 CMR 10.00: Uniform State Plumbing Code and in compliance with accepted standards as defined by 105 CMR 410.010.(Nonfunctioning smoke detector in first floor rear hallway and second floor rear hallway)",Owner,Second floor,"",Corrected,""
HSNG-25-877,"",Owner,1,10/29/2025,Cited,""
HSNG-25-858,"",Owner,"","",Cited,""
HSNG-25-858,"Immediate condemnation of Entire 2ND floor Dwelling UnitGeneral Provisions - 105.CMR.410.003 (A) No owner shall allow a person to occupy, offer to rent, or occupy as owner-occupant any residence which does not comply with the requirements of 105 CMR 410.000.(2ND floor office space converted into illegal dwelling unit) Smoke Detectors and Carbon Monoxide Alarms 105.CMR.410. 330: (A) (Emergency no smoke detectors or CO2 detectors within unit whatsoever, please note: (fire department referral made) INADEQUATE SPACE FOR HABITABLE ROOM 105.CMR.410.420 (B) (Unit does not meet Habitable space requirements, ceiling height was measured 6.8 feet at time of inspection)Conditions Deemed to Endanger or Materially Impair Health or Safety - 105.CMR.410. 630 (A) (8) (15) ",Owner,"","",Cited,""
HSNG-25-858,"OBSTRUCTED EGRESS OR PASSAGEWAY 105.CMR.410.260 (A) (B) (Emergency, no second means of egress, rear stairway/corridor leads directly into a commercial space instead of leading directly outside, first main door egress is partially obstructed by miscellaneous debris in stairway/hallway, consisting of bags, bulk items, dollies, oil, cans, etc.)",Both,"","",Cited,""
HSNG-25-825,"UNIT CONDEMNATION SECOND FLOOR REAR Smoke Detectors and Carbon Monoxide Alarms 105.CMR.410.330: (A)(Emergency no operable smoke detectors or Carbon Monoxide detectors present in the unit) Fire Department referral made.KITCHEN FACILITIES 105.CMR.410.100: A (1,2,3,4,5,) ( Emergency no Kitchen facility present)There is no stove, no sink, no countertop for preparing food, no cabinets.BATHROOM FACILITIES 105.CMR.410.110 A (1,2,3)(Emergency TOILET, SINK AND SHOWER PRESENT BUT NOT ENCLOSED AND SEPARATED FROM LIVING AREA)CEILING SAGGING, WATER STAINED, WATER DAMAGED 105.CMR.410.500 (A)2 LEAK UNKNOWN SOURCECONDITIONS DEEMD TO ENDANGER OR MATERIALLY IMPAIR HEALTH OR SAFETY 105.CMR.410.630 A(7(A),12,15)Main entry door leads to sink, toilet and shower kit which is part of living areaRefrigerator and Microwave in the middle of living areaCeiling tiles water damagedCeiling tiles sagging",Owner,"","",Cited,""
HSNG-25-821,"105.CMR.410.500 (A) (1) (2) (Severe structural and water damage throughout unit, ceiling tiles have caved in, damage has caused kitchen cabinets to fall off wall, buildup of mold like substance, active leak, standing water, entryway door damaged due to previous fire dept call) ",Owner,"",09/29/2025,Cited,""
HSNG-25-821,"105.CMR.410.235 (A) 12(Light fixture in closet inoperable, active leak in its proximity, appears hazardous) ",Owner,"",09/29/2025,Cited,1338777
HSNG-25-821,105.CMR.410.330 (A)(No smoke detector in dwelling unit),Owner,"",10/02/2025,Cited,1339871
HSNG-25-809,"INSUFFICIENT HOT WATER 105.CMR.410.150 (B)(Emergency no hot water, hot water temperature at time of inspection was 69.6°F) The structural members -  105.CMR.410.500 (A) (1) (2)(Wall and ceiling, water damage, bathroom)Smoke Detectors and Carbon Monoxide Alarms 105.CMR.410. 330: (A) (Emergency multiple missing smoke detectors in unit (please note : one working smoke detector in unit hallway noticed) ",Owner,"","",Cited,""
HSNG-25-780,"105 CMR 410.235 (A,1,3,12,13) Owner’s Installation and Maintenance Responsibilities ( light switches missing covers second floor front landing and first floor rear landing, light fixture second floor bedroom hanging exposing wires, second floor bathroom sink needs caulking, toilet loose second floor bathroom)105 CMR 410.520 (A,1) Protective Railings and Walls(No hand railing back stair well and in basement stairwell)0",Owner,"","",Cited,""
HSNG-25-773,"105.CMR.410.003: General Provisions (C)( water shut off by owner)105.CMR.410.130: Potable Water/Sanitary Drainage(A) The owner shall provide a supply of potable water sufficient in quantity and pressure to meet the ordinaryneeds of every occupant.( water shut off)105.CMR.410. 630: Conditions Deemed to Endanger or Materially Impair Health or Safety(A)(1,3,5)",Owner,21,09/18/2025,Cited,1335334
HSNG-25-771,"Condemnation: Entire Dwelling/Fire105.CMR.410.003: General Provisions(C) No owner or occupant shall cause any service, facility, equipment, or utility which is required to be made available by 105 CMR 410.000, or any optional service, facility, equipment, or utility provided by the owner, to be removed from or shut off from any occupied residence except for such temporary period as may be necessary during actual repairs or alterations and where reasonable notice of curtailment of service is given to the occupant, or during temporary emergencies when curtailment of service is approved by the board of health. If any such service, facility, equipment, or utility becomes curtailed, the responsible party shall take immediate steps to cause its restoration. (See M.G.L. c. 186, § 14).(Electrical service shut off due to fire)105.CMR.410.235: A-12 Owner’s Installation and Maintenance Responsibilities (Fixtures, Switches and Wiring Compromised, Due to Fire and Water) 105.CMR.410.330: (A) Smoke Detectors and Carbon Monoxide Alarms(smoke detectors/carbon monoxide alarms in disrepair)105.CMR.410.500: A-2) Owner's Responsibility to Maintain Building and Structural Elements(Smoke, Water and Fire Damage. Ceilings And Walls. Roof open to elements)  105.CMR.410.500: A-2)Owner's Responsibility to Maintain Building and Structural Elements(Siding, Windows: Broken, Missing, Boarded - Due to Fire) Roofing:105.CMR.410.500: A-2)Owner's Responsibility to Maintain Building and Structural Elements(Holes in Roof, Due to Fire.)105.CMR.410.570: Maintenance of Areas in a Sanitary and Safe Condition (A-1,3,4,5)(Fire debris)105.CMR.410. 630: Conditions Deemed to Endanger or Materially Impair Health or Safety(A-3,10,12,13,15)",Owner,1&2,"",Cited,""
HSNG-25-771,"",Owner,"","",Cited,""
HSNG-25-771,Condemnation Posted.,Owner,"","",Cited,""
HSNG-25-767,105.CMR.410.150: Hot WaterThe owner shall provide and maintain in good operating condition facilities capable of heating and delivering hot water:(A) In a quantity and pressure sufficient to satisfy the ordinary use of all plumbing fixtures which normally need hot water for their proper use and function.(B) In a temperature range of not less than 110° F(430°C) and not greater than 130°F (540°C) for fixtures other than a bathtub or shower.(C) In a temperature range of not less than 110°F (430°C)and not greater than 120°F(480°C) for a bathtub or shower. ( water temperature at time of inspection 72.5°F ),Owner,"","",Corrected,""
HSNG-25-767,"105.CMR.410.500: Owner's Responsibility to Maintain Building and Structural ElementA) every owner of a residence shall maintain all building structural elements in compliance with accepted standards, so they are in good repair, and in every way fit for intended use, including:(1) protected from wind, rain, and snow, and our weather, tight, free from excess moisture, or the appearance of mold and pest resistant; and(2) free from holes, cracks, loose plaster, or defects that renders the area, difficult to keep clean, create an injury risk, or provided entry or harborage of pest.(B) In the event of leaks and flooding, the owner shall ensure all surfaces have been dried within 48 hours from the time they are notified or the end of the event, whichever is sooner.( Basement has puddle of water ) ",Owner,"","",Corrected,""
HSNG-25-759,"Condemnation: 3rd Floor Dwelling Unit - 1 Means of Egress105.CMR.410.330: Smoke Detectors and Carbon Monoxide Alarms(A) The owner shall provide, install, and maintain in operable condition smoke detectors and carbon monoxide alarms in every residence that is required to be equipped with smoke detectors and carbon monoxide alarms in accordance with M.G.L. c. 148, §§ 26 C-F1/2 and 780 CMR: Massachusetts State Building Code, 527 CMR 1.00: Massachusetts Comprehensive Fire Safety Code, and 248 CMR 10.00: Uniform State Plumbing Code and in compliance with accepted standards as defined by 105 CMR 410.010.Note: Referral made to Springfield Fire Department - Owner must contact Springfield Fire Department at 413-787-6410 to obtain a compliance certificate verifying correction of above violations.(Smoke Detectors missing,Front and rear common Hallways)",Owner,"","",Cited,""
HSNG-25-759,105.CMR.410.260: Means of Egress(A) Every residence shall have at a minimum two means of egress and every dwelling unit and rooming unit shall have a sufficient number of egresses as will allow for the safe passage of all people.(Illegal 3rd Flr unit.1 Means of Egress),Owner,3rd Flr,"",Cited,""
HSNG-25-759,"105.CMR.410. 630(A) 8,15  Conditions Deemed to Endanger or Materially Impair Health or Safety(A) The following conditions, when found to exist in a residence, shall always be deemed conditions which may endanger or materially impair the health, or safety and well-being of a person or persons occupying the premises:(8) Failure to provide and maintain adequate exits, or the obstruction of any exit, passageway or common area caused by any object, including refuse, which prevents egress in case of an emergency required by 105 CMR 410.260.(15) Failure to provide a smoke detector or carbon monoxide alarm required by 105CMR410.330(1 Means of Egress)",Owner,3,"",Cited,""
HSNG-25-759,105.CMR.410.003(A) General Provisions(Illegal 3rd floor dwelling unit) ,Owner,3,"",Cited,""
HSNG-25-732,"IMMEDIATE CONDEMNATION REAR BARN/GARAGE105.CMR.410. 630: Conditions Deemed to Endanger or Materially Impair Health or Safety (A) (2) (8) (15) (9) 410.003: General Provisions(A) No owner shall allow a person to occupy, offer to rent, or occupy as owner-occupant any residence which does not comply with the requirements of 105 CMR 410.000.(Rear barn/garage converted into living space)",Owner,"","",Cited,""
HSNG-25-732,105.CMR.410.160: Heating Systems (A) (B) (3)(No heating system for illegal barn/garage dwelling. Space heater being used as source of heat),Owner,"","",Corrected,""
HSNG-25-732,"105.CMR.410. 330: Smoke Detectors and Carbon Monoxide Alarms (A)(Missing smoke detector in bedroom, hallway, and front office)",Owner,"","",Corrected,""
HSNG-25-732,105.CMR.410.260: Means of Egress (A)(Illegal barn/garage dwelling does not have proper second egress)105.CMR.410.270:Locks (A) (5)(Second egress has improper locks),Owner,"","",Cited,""
HSNG-25-730,"105.CMR.410.500 (A) (1) (2)(Active leak in bathroom ceiling, excess moisture and water damage on ceiling and wall, buildup of mold like substance)",Owner,"",11/10/2025,Corrected,""
HSNG-25-725,105.CMR.410.330 Smoke detectors missing ,Owner,"",09/15/2025,Cited,""
HSNG-25-723,"105  CMR 410.235 (A,13) Owner’s Installation and Maintenance Responsibilities (Missing smoke detectors in basement and second floor)",Owner,"","",Corrected,""
HSNG-25-721,"105.CMR.410.270 (A) 1(Main entryway door to residence does not lock, dead bolt is broken, unsecured from unlawful entry)",Owner,"",09/15/2025,Corrected,""
HSNG-25-704,"IMMEDIATE CONDEMNATION—ENTIRE DWELLING DUE TO CURTAILMENT OF UTILITIES105.CMR.410.003:(c) General Provisions(C) No owner or occupant shall cause any service, facility, equipment, or utility which is required to be made available by 105 CMR 410.000, or any optional service, facility, equipment, or utility provided by the owner, to be removed from or shut off from any occupied residence except for such temporary period as may be necessary during actual repairs or alterations and where reasonable notice of curtailment of service is given to the occupant, or during temporary emergencies when curtailment of service is approved by the board of health. If any such service, facility, equipment, or utility becomes curtailed, the responsible party shall take immediate steps to cause its restoration. ( water , gas , electricity shut off )105.CMR.410.130: (A)Potable Water/Sanitary Drainage( water shut off to entire dwelling ) 105.CMR.410.330: (A,B) Smoke Detectors and Carbon Dioxide Detectors ( smokes missing throughout entire dwelling during time of inspection, referral has been made to fire department ) 105.CMR.410.630: (A)(1,3,15)Conditions Deemed to Endanger or Materially Impair Health or Safety",Owner,"","",Cited,""
HSNG-25-698,"105.CMR.410. 330: Smoke Detectors and Carbon Monoxide Alarms(A) The owner shall provide, install, and maintain in operable condition smoke detectors and carbon monoxide alarms in every residence that is required to be equipped with smoke detectors and carbon monoxide alarms in accordance with M.G.L. c. 148, §§ 26 C-F1/2 and 780 CMR: Massachusetts State Building Code, 527 CMR 1.00: Massachusetts Comprehensive Fire Safety Code, and 248 CMR 10.00: Uniform State Plumbing Code and in compliance with accepted standards as defined by 105 CMR 410.010.(Non-functioning smoke detector in first and second floor, missing smoke and CO detector in attic and basement)Note: Referral made to Springfield Fire Department - Owner must contact Springfield Fire Department at 413-787-6410 to obtain a compliance certificate verifying correction of above violations.",Owner,"First floor, second floor, attic and basement",10/06/2025,Cited,""
HSNG-25-692,"105 CMR 410.003 (C)General Provisions(Entire dwelling, rooms ,hallways are piled and stacked with household items, clutter, assorted debris, making travel or movement difficult for occupant to pass from room to room and or front and rear egresses. Heavy fire load present, Gas , water shut off ) 105.CMR.410.130: Potable Water/Sanitary Drainage( no water due to broken pipe ) 105CMR.410. 330: (A)Smoke Detectors and Carbon Monoxide Alarms( smokes/ co2's missing/ not working- replace referral has been made to SFD)105 CMR 410.630:(A)(8,10, 15)Conditions Deemed to Endanger or MateriallyImpair Health or Safety.",Owner,"","",Cited,""
HSNG-25-692,"105 .CMR .410.003:(F) General Provisions( Entire dwelling, rooms ,hallways are piled and stacked with household items clutter, assorted debris, making travel or movement difficult for occupant to pass from room to room and or front and rear egresses. Heavy fire load present, piles of feces .Etc )105.CMR.410.260: (B)Means of Egress( Entire dwelling, rooms ,hallways are piled and stacked with household items clutter assorted debris, making travel or movement difficult for occupant to pass from room to room and or front and rear egresses. Heavy fire load present, piles of feces .Etc )105.CMR.410.570: Maintenance of Areas in a Sanitary and Safe Condition ( Entire dwelling, rooms ,hallways are piled and stacked with household items, clutter, assorted debris, making travel or movement difficult for occupant to pass from room to room and or front and rear egresses. Heavy fire load present, piles of feces .Etc )",Tenant,"","",Cited,""
HSNG-25-677,9/10/25105.CMR.410.330: Smoke Detectors and Carbon Monoxide Alarms(A)(No smoke detectors installed - entire unit ),Owner,"",09/11/2025,Corrected,""
HSNG-25-676,"105.CMR.410.330: (A) Smoke Detectors and Carbon Dioxide Detectors A) The owner shall provide, install, and maintain in operable condition smoke detectors and carbon monoxide alarms in every residence that is required to be equipped with smoke detectors and carbon monoxide alarms in accordance with M.G.L. c. 148, §§ 26 C-F1/2 and 780 CMR: Massachusetts State Building Code, 527 CMR 1.00: Massachusetts Comprehensive Fire Safety Code, and 248 CMR 10.00: Uniform State Plumbing Code and in compliance with accepted standards as defined by 105 CMR 410.010.Note: Referral made to Springfield Fire Department - Owner must contact Springfield Fire Department at 413-787-6410 to obtain a compliance certificate verifying correction of above violations.",Owner,"","",Corrected,""
HSNG-25-658,"105.CMR.410.235: Owner’s Installation and Maintenance Responsibilities A) The facilities and equipment the owner is required to provide include, but are not limited to:12) Electrical light fixtures, switches, outlets and wiring;( ceiling fan wiring exposed , sparking causing a hazard )  ",Owner,2nd floor ,09/08/2025,Cited,""
HSNG-25-647,"IMMEDIATE CONDEMNATION DUE TO ILLEGAL BASEMENT UNIT105 CMR 410.003 General Provisions(A)(illegal make shift basement unit)105 CMR 410.235 (A,12) Owner’s Installation and Maintenance Responsibilities (Exposed wires in basement Landry room )105 CMR 410.260 Means of Egress (A)(No secondary means of egress in basement unit)105 CMR 410.330 Smoke Detectors and Carbon Monoxide Detectors (A)(No smoke or carbon monoxide detector in basement105 CMR 410.630 Conditions Deemed to Endanger or Mentally Impair Health or Safety (A,8,13,15)",Owner,"","",Cited,""
HSNG-25-635,"",Owner,"","",Cited,""
HSNG-25-635,"MAINTENANCE OF LAND 105.CMR.410.570 (A) ( 1,2,3,4,5)(Backyard has porch material, wooden materials, metal materials, bulk items, miscellaneous debris throughout yard with sharp jagged edges must be removed) Owner’s Installation, Maintenance and Repair Responsibilities -  105.CMR.410.235 (A)(1)(9) (10) (Emergency activity in basement, sewage pipe leaking in basement, active leak coming from kitchen sink, kitchen sink leaking when faucet is turned on) bathroom ventilation broken, not working properly)  structural members -  105.CMR.410.500 (A) (1) (2) (Bathroom, wall and ceiling, water, damaged, unfinished, paint, peeling, chipping, bathroom floor, kick plate unsecured, Room number two wall paint peeling, room number one door framing missing(top of door framing) Kitchen drawer, broken, defective, does not close properly) ",Owner,"","",Cited,""
HSNG-25-610,"IMMEDIATE CONDEMNATION—ENTIRE DWELLING  DUE TO MISSING SMOKES/CO2 DETECTORS , BLOCKED EGRESSES 105 CMR 410.235:(A,12-13,14)Owner’s Installation And Maintenance Responsibilities( exposed wiring , missing smokes/co2 detectors radiator covers missing throughout entire dwelling )105.CMR.410.260: (A,B)Means of Egress( multiple blocked egresses throughout entire dwelling )105.CMR.410.330: (A)Smoke Detectors and Carbon Monoxide Alarms( Missing smoke/co2 detectors throughout entire dwelling )105 CMR 410.500:(A)(1,2)Owner’s Responsibility To Maintain Building and Structural Elements  ( walls, ceilings  with broken plaster throughout entire dwelling )105.CMR.410.570: ( C)Maintenance of Areas in a Sanitary and Safe Condition( multiple areas unsanitary trash,needles,food, broken wood,ETC)105.CMR.410.630: (A 8,10,12,13,15 ) Conditions Deemed to Endanger or Materially Impair Health or Safety ",Owner,"","",Cited,""
HSNG-25-583,"(105.CMR.410.500 ) OWNER’S RESPONSIBILITY TO MAINTAIN BUILDING AND STRUCTURAL ELEMENTS(A) 1, 2 ( B)(105.CMR.410.235) OWNERS, INSTALLATION, MAINTENANCE AND REPAIR RESPONSIBILITIES. (A) 3(105.CMR.410.550) ELIMINATION OF PESTS. (B)* THE BATHROOM TOILET DOES NOT FLUSH, DEFECTIVE.* THERE IS A INFESTATION OF BEES, WHICH ARE COMING FROM AN UNKNOWN SOURCE WHAT ARE VISIBLE IN THE BATHROOM AREA.",Owner,2 L,09/15/2025,Cited,1333188
HSNG-25-550,"*FIXTURE IS FAULTY 105.CMR.410.235 (A) 12*105.CMR.410.500: Owner's Responsibility to Maintain Building and Structural Elements  (A) 1, 2, (B)*105.CMR.410.330 (A) MULTIPLE ELECTRICAL OUTLETS ARE FAULTY, NO POWERSMOKE AND CO2 DETECTORS IN THE UNIT ARE DEFECTIVE, INOPERABLETHE DOOR KNOB HARDWARE TO THE DWELLING UNIT IS BROKEN, DEFECTIVETHE BATHROOM SINK IS LOOSE, NOT SECURED, AND MUST BE CAULKED WHERE IT MEETS THE WALL.THE UNDERCOUNTER REFRIGERATOR IS DEFECTIVE, IN OPERABLETHERE ARE TWO HOLES ON THE WALL WITH UNKNOWN WIRES PROTRUDING. THE HOLES MUST BE SEALED. THE KITCHEN FLOOR HAS MULTIPLE CRACKED TILES WHICH ARE CREATING A TRIP HAZARD","","","",Cited,""
HSNG-25-545,"105 CMR 410.500 (A,1,2) Owner’s Responsibility to Maintain Building and Structural Elements (Front porch not secure, floor board in back porch lifting)",Owner,"","",Cited,""
HSNG-25-542, 105.CMR.410.003 (C)(Gas line to stove has been shut off by Eversource due to crack in connection),Owner,"","",Cited,1327764
HSNG-25-532,105.CMR.410.235: (A)(8)Owner’s Installation and Maintenance Responsibilities ( gas stove top not working referral put in to plumbing dept for licensed plumber to preform work ) ,Owner,"","",Cited,""
HSNG-25-519,105.CMR.410.150: Hot Water(A)(Insufficient hot water temperature at 102.6°F),Owner,"","",Cited,""
HSNG-25-520,105.CMR.410.235:(A)(8 Owner’s Installation and Maintenance Responsibilities ( stove/ oven not working properly must be repaired or replaced) 105.CMR.410.240: (A)(8)Occupant’s Installation and Maintenance Responsibilities ,Both,"","",Cited,""
HSNG-25-505,"105.CMR.410. 330: Smoke Detectors and Carbon Monoxide Alarms. (A)(A) The owner shall provide, install, and maintain in operable condition smoke detectors and carbon monoxide alarms in every residence that is required to be equipped with smoke detectors and carbon monoxide alarms in accordance with M.G.L. c. 148, §§ 26 C-F1/2 and 780 CMR: Massachusetts State Building Code, 527 CMR 1.00: Massachusetts Comprehensive Fire Safety Code, and 248 CMR 10.00: Uniform State Plumbing Code and in compliance with accepted standards as defined by 105 CMR 410.010.(Basement is missing CO detector. Smoke detector in basement is working, but it’s not a CO detector)Note: Referral made to Springfield Fire Department - Owner must contact Springfield Fire Department at 413-787-6410 to obtain a compliance certificate verifying correction of above violations.",Owner,Basement,08/26/2025,Corrected,""
HSNG-25-505,"","","","",Corrected,""
HSNG-25-476,"IMMEDIATE CONDEMNATION OF UNITS 1&6 DUE TO NO WORKING SMOKE DETECTORS, NO SECONDARY EGRESS AND EXPOSED WIRES AT ELECTRICAL PANEL105 CMR 410.100 Kitchen Facilities (A,5)(No stove in units) Units 1&6105 CMR 410.235 Owner’s Installation and Maintenance Responsibilities (A,3,12,13)(Toilet leaking at the base causing unsanitary conditions unit 6, No working smoke detectors in units 1&6, exposed wires at electrical panel due to no cover in unit 1)105 CMR 410.260 Means of Egress (A)(B)(No secondary egress in two units) units 1&6105 CMR 410.330 Smoke Detectors and Carbon Monoxide Detectors (A)(Smoke detectors in units 1&6 not working, smoke detectors in common halls are in trouble status at fire alarm panel)105 CMR 410.500 (A,2) Owner’s Responsibility to Maintain Building and Structural Elements (Columns holding roof are not secured, roof rotted)105 CMR 410.570 Maintenance of Areas in a Sanitary and Safe Condition (A,1)Maintenance of Land – YARD PROPERTY TREEBELT AND GUTTERPaper,Plastic,Cardboard,EtcProperty must be cleaned and maintained at all timesTo Avoid A Possible $100.00 Ticket Every 3 Days Until Property Is Completely Cleaned And Maintained. Note: Owner Is Responsible To Maintain From Property Line And 3 Feet Into Street Area.    NOTE; SPECIAL PICK UP ITEMS AND/OR TRASH RECEPTACLES MUST ONLY BE PUT OUT THE NIGHT BEFORE SCHEDULED PICK UP DAYTO AVOID IMMEDIATE TICKET(Mattress in side of building)105 CMR 410. 630 (A,7(b),8,12,13,15,)",Owner,"","",Corrected,""
HSNG-25-401,"",Owner,"","",Cited,""
HSNG-25-401,"Smoke Detectors and Carbon Monoxide Alarms 105.CMR.410. 330: (A) (Emergency no smoke detectors or CO2 detectors on third floor) OBSTRUCTED EGRESS OR PASSAGEWAY 105.CMR.410.260 (A)  B,C,D)(Emergency rear, third-floor egress, locked, door, voltage, shut, refrigerator in front of door) ",Owner,"","",Cited,""
HSNG-25-401,"structural members unsound 105.CMR.410.500 (A) (1) (2) (Front porch, window, boarded up, broken, missing room number one window nailed shut) ",Owner,"","",Cited,""
HSNG-25-401,"FIXTURE IS FAULTY 105.CMR.410.235 (A) 12(front porch, light fixture hanging, exposed wires, bulb, missing, insufficient illumination common area) ",Owner,"","",Cited,""
HSNG-25-401,SCREENS FOR WINDOWS MISSING 105.CMR.410.540 (A)(Room number one window screens in disrepair ) ,Owner,"","",Cited,""
HSNG-25-399,"105 CMR 410.235 Owner’s Installation and Maintenance Responsibilities (A,13)(Smoke Detector not working)",Owner,"","",Cited,""
HSNG-25-394,"IMMEDIATE CONDEMNATION OF ENTIRE DWELLING DUE TO NO HEAT105 CMR 410.160 (A) Heating Systems( furnace has been red tagged)105 CMR 410.180 (A,1,2) Temperature Requirements( temp. On first floor 60.4 and second floor 61.3 degrees)105 CMR 410.235 (A,14) Owner's Installation and Maintenance Responsibilities(Furnace for 1st and 2nd floor red tagged)105 CMR 410.520 (A,1) Protective Railings and Wall Guards( railing missing in basement stairwell)105 CMR 410.630 Conditions Deemed to Endanger or Materially Impair Health or Safety(A,2,13,16)",Owner,"","",Corrected,""
HSNG-25-388,NO DOOR 105.CMR.410.500 (A) 2Rear entry door broken completely of hinges ,Owner,"",09/15/2025,Corrected,1333720
HSNG-25-388,105.CMR.410.330 smoke detector disabled on rear stairwell second floor and basement,Owner,"",09/15/2025,Cited,""
HSNG-25-385,"105.CMR.410. 330: Smoke Detectors and Carbon Monoxide Alarms(A) The owner shall provide, install, and maintain in operable condition smoke detectors and carbon monoxide alarms in every residence that is required to be equipped with smoke detectors and carbon monoxide alarms in accordance with M.G.L. c. 148, §§ 26 C-F1/2 and 780 CMR: Massachusetts State Building Code, 527 CMR 1.00: Massachusetts Comprehensive Fire Safety Code, and 248 CMR 10.00: Uniform State Plumbing Code and in compliance with accepted standards as defined by 105 CMR 410.010.(Smoke detector is non-functional. Basement is missing a working smoke and CO detector)",Owner,Basement,08/20/2025,Corrected,""
HSNG-25-385,Smoke and CO detector has been installed in basement,"","","",Corrected,""
HSNG-25-357,"105.CMR.410. 330: Smoke Detectors and Carbon Monoxide Alarms(A) The owner shall provide, install, and maintain in operable condition smoke detectors and carbon monoxide alarms in every residence that is required to be equipped with smoke detectors and carbon monoxide alarms in accordance with M.G.L. c. 148, §§ 26 C-F1/2 and 780 CMR: Massachusetts State Building Code, 527 CMR 1.00: Massachusetts Comprehensive Fire Safety Code, and 248 CMR 10.00: Uniform State Plumbing Code and in compliance with accepted standards as defined by 105 CMR 410.010.Note: Referral made to Springfield Fire Department - Owner must contact Springfield Fire Department at 413-787-6410 to obtain a compliance certificate verifying correction of above violations.( smokes/ co2 detectors missing ) ",Owner,"","",Cited,""
HSNG-25-357,Smoke/ co2 detectors missing ,Owner,"","",Cited,""
HSNG-25-354,"",Owner,"","",Cited,""
HSNG-25-354,"General provisions -  105.CMR.410.003 (A) (No owner shall allow a person to occupy, offer to rent, or occupy as owner-occupant any residence which does not comply with the requirements of 105 CMR 410.000.) Smoke Detectors and Carbon Monoxide Alarms 105.CMR.410. 330: (A) (Multiple missing smoke detectors and carbon monoxideStructural members unsound  105.CMR.410.500 (A) (1) (2) (Bathroom Sink, vanity, unsecured wall, movable) ",Owner,"","",Cited,""
HSNG-25-354," Owner’s Installation, Maintenance and Repair Responsibilities -105.CMR.410.235 (A)( 2)(12)(Bathtub/Shower, temperature adjustment knob, broken, missing. Multiple burnt out outlets in bedroom number one, bathroom, and kitchen areas.) ",Owner,"","",Cited,""
HSNG-25-354,"kitchen facilities, - 105.CMR.410.100 (A) (5) (Oven/stove, defective, red tagged by Eversource) ",Owner,"","",Cited,""
HSNG-25-354,INFESTATION OF ROACHES - RAT - MICE - VERMIN 105.CMR.410.550 (A) (B)(Infestation of mice) ,Owner,"","",Cited,""
HSNG-25-339,"105 CMR 410.235 (A,13) Owner’s Installation and Maintenance Responsibilities ( Carbon monoxide detectors not working in both bedrooms)",Owner,"","",Corrected,""
HSNG-25-325,INSUFFICIENT HOT WATER 105.CMR.410.150 (B) COULD BE ( C )House has no hot water ,Owner,"",08/11/2025,Cited,1322023
HSNG-25-312,105.CMR.410.330: (A) Smoke Detectors and Carbon Dioxide Detectors ( smokes/ co2 detectors missing ) ,Owner,"",08/12/2025,Cited,""
HSNG-25-312,526 Grayson dr - basement smoke/ co2 detector missing ,Owner,"","",Cited,""
HSNG-25-312,526 Grayson drive smoke/ co2 detector missing ,"","","",Cited,""
HSNG-25-292, 105.CMR.410.330 (A)(Basement is missing a smoke detector and carbon monoxide alarm),Owner,"",08/07/2025,Cited,1320201
HSNG-25-290,"105 CMR 410.235 (A,13) Owner’s Installation and Maintenance Responsibilities (Missing smoke detector first floor)",Owner,"","",Corrected,""
HSNG-25-274,"CEILING - SAGGING - HAZARDOUS 105.CMR.410.500 (A) 1, 2.THE KITCHEN, ADJACENT BEDROOM, AND THE ADJACENT BATHROOM, HAVE EXTREME WATER DAMAGE WHICH I IS COMING FROM AN UNKNOWN SOURCE. THE WATER LEAK HAS SOAKED MULTIPLE FIXTURES AND WIRES.",Owner,1 L,08/08/2025,Cited,""
HSNG-25-257," 105.CMR.410.270 (A) (1) (3)(Entryway doors to 96 Maple St do not lock, residence is unsecured from unlawful entry)",Owner,"",08/04/2025,Corrected,1318977
HSNG-25-257,"105.CMR.410.270 (A) (1) (3)(Entryway door to 90 Maple St does not lock, residence is unsecured from unlawful entry)",Owner,"",08/04/2025,Corrected,1318978
HSNG-25-251,"","","","",Corrected,""
HSNG-25-251,61 Wilcox st- no water or electrical service to entire dwelling ,"","","",Corrected,""
HSNG-25-248,"",Owner,"","",Cited,""
HSNG-25-248,SMOKE AND/OR WATER DAMAGE 105.CMR.410.500 (A) 2(Emergency ) Multiple missing smoke detectors throughout unit) ,Owner,"","",Cited,""
HSNG-25-248,"BALLUSTERS ARE MISSING OR BROKEN 105.CMR.410.520 (A) (1) (Front stairway, hand, drilling unsecured wall) ",Owner,"","",Cited,""
HSNG-25-248,"SCREENS FOR WINDOWS MISSING 105.CMR.410.540 (A) (1) (Kitchen screen and disrepair ripped, tattered, needs to be replaced) ",Owner,"","",Cited,""
HSNG-25-248,"MAINTENANCE OF LAND 105.CMR.410.570 (A) ( 1,2,3,4,5)LITTER OCCUPIED CHAPTER 327 Article I § 327-13 L. (1) (A)(Maintenance of land, litter, rear yard, broken gutter, parts piled in yard, sharp, jagged, edges, hazardous) ",Owner,"","",Corrected,""
HSNG-25-247,"105.CMR.410.330: (A) Smoke Detectors and Carbon Dioxide Detectors ( smokes / co2 detectors missing ) 105.CMR.410.235: (8,12,13) Owner’s Installation and Maintenance Responsibilities ( stove not working properly) ",Owner,"","",Cited,""
HSNG-25-247,"stove door missing , stove not working ",Owner,"","",Cited,""
HSNG-25-247,Smoke/co2 detectors missing ,"","","",Cited,""
HSNG-25-231,"",Owner,"","",Cited,""
HSNG-25-231,"Immediate condemnation of first floor dwelling unitCURTAILMENT OF SERVICE 105.CMR.410.003 ( C )( emergency curtailment of services, electric services shut off due to nonpayment on 9/5/24 per Eversource , no electric services at the property at this time)structural members -  105.CMR.410.500 (A)(1) (2) (Ceiling and wall water damage, room number one) ",Both,"","",Cited,""
HSNG-25-218,"",Owner,"","",Cited,""
HSNG-25-218,"CURTAILMENT OF SERVICE 105.CMR.410.003 ( C )(Emergency, no power to first or second floor due to nonpayment) ",Both,"","",Cited,""
HSNG-25-218,EXPOSED WIRES 105.CMR.410.235 (A) 12(Front porch light fixture exposed wires) ,Owner,"","",Cited,""
HSNG-25-208,"105.CMR.410.003: General Provisions(A) No owner shall allow a person to occupy, offer to rent, or occupy as owner-occupant any residence which does not comply with the requirements of 105 CMR 410.000.(B) Unless otherwise specified in 105 CMR 410.000, the owner is responsible for providing all maintenance, repairs, and equipment necessary to achieve compliance with 105 CMR 410.000.105.CMR.410.150: Hot WaterThe owner shall provide and maintain in good operating condition facilities capable of heating and delivering hot water:(A) In a quantity and pressure sufficient to satisfy the ordinary use of all plumbing fixtures which normally need hot water for their proper use and function.(B) In a temperature range of not less than 110° F(43°C) and not greater than 130°F (54°C) for fixtures other than a bathtub or shower.(Temperature at inspection 70.1 degrees)",Owner,"","",Cited,1317191
HSNG-25-208,105.CMR.410.260: Means of Egress(A) Every residence shall have at a minimum two means of egress and every dwelling unit and rooming unit shall have a sufficient number of egresses as will allow for the safe passage of all people.(One means of Egress.),Owner,"","",Cited,1317196
HSNG-25-203," 105.CMR.410.130 (B) 2(Plumbing issues causing sewage backup, raw sewage and standing water in basement)",Owner,"",07/28/2025,Corrected,1316670
HSNG-25-200,"Smoke Detectors and Carbon Monoxide Alarms 105.CMR.410. 330: (A)(Emergency Multiple missing smoke detectors on third-floor) Kitchen Facilities -  105.CMR.410.100: (A) (5) (Emergency, no stove/proper kitchen facilities) PROTECTIVE RAILINGS ARE MISSING 105.CMR.410.520 (A) (1)(third floor protective hand railings are in disrepair, unsecured to the wall) ",Owner,"","",Cited,""
HSNG-25-165,"IMMEDIATE CONDEMNATION 3RD FLOOR105.CMR.410.003: General Provisions(A) No owner shall allow a person to occupy, offer to rent, or occupy as owner-occupant any residence which does not comply with the requirements of 105 CMR 410.000.(Illegal 3rd Flr Dwelling unit)  105.CMR.410.630: Conditions Deemed to Endanger or Materially Impair Health or Safety (A)8,15105.CMR.410.260: Means of Egress(A) Every residence shall have at a
minimum two means of egress and every dwelling unit and rooming unit shall have
a sufficient number of egresses as will allow for the safe passage of all
people.(3rd Floor unit has only 1 means of
egress) 105.CMR.410. 330: Smoke Detectors
and Carbon Monoxide Alarms(A) The owner shall provide,
install, and maintain in operable condition smoke detectors and carbon monoxide
alarms in every residence that is required to be equipped with smoke detectors
and carbon monoxide alarms in accordance with M.G.L. c. 148, §§ 26 C-F1/2 and
780 CMR: Massachusetts State Building Code, 527 CMR 1.00: Massachusetts
Comprehensive Fire Safety Code, and 248 CMR 10.00: Uniform State Plumbing Code
and in compliance with accepted standards as defined by 105 CMR 410.010.Note: Referral made to Springfield
Fire Department - Owner must contact Springfield Fire Department at
413-787-6410 to obtain a compliance certificate verifying correction of above
violations.(Smoke
detectors missing throughout unit.)",Owner,3rd Flr,"",Cited,""
HSNG-25-165,"",Owner,"","",Cited,1317850
HSNG-25-165,"",Owner,"","",Cited,1317852
HSNG-25-153,"105CMR.410 410.260:
Means of Egress(B)(tenants)(3rd floor obstruction of means of egress, a/c and house items blocking 3rd front egress dwelling unit)",Tenant,3RD FL,"",Cited,""
HSNG-25-153,"105CMR.410 410.260:
Means of Egress(B)(D)(owner)(3rd
floor obstruction of means of egress, a/c and house items blocking 3rd front
egress dwelling unit)",Owner,"","",Cited,""
HSNG-25-153,"105.CMR.410.330: Smoke
Detectors and Carbon Monoxide Alarms(A)(Missing smoke detectors on 1st floor common are)",Owner,"","",Cited,""
HSNG-25-153,"105.CMR.410.330: Smoke
Detectors and Carbon Monoxide Alarms(A)(Missing smoke detectors on 2nd floor common area)",Owner,"","",Cited,""
HSNG-25-126,105.CMR.410. 330: Smoke Detectors and Carbon Monoxide Alarms. (A) (Basement is missing carbon monoxide detector ),Owner,Basement,09/09/2025,Cited,""
HSNG-25-125,"105.CMR.410. 330: Smoke Detectors and Carbon Monoxide Alarms(A) The owner shall provide, install, and maintain in operable condition smoke detectors and carbon monoxide alarms in every residence that is required to be equipped with smoke detectors and carbon monoxide alarms in accordance with M.G.L. c. 148, §§ 26 C-F1/2 and 780 CMR: Massachusetts State Building Code, 527 CMR 1.00: Massachusetts Comprehensive Fire Safety Code, and 248 CMR 10.00: Uniform State Plumbing Code and in compliance with accepted standards as defined by 105 CMR 410.010.",Owner,"","",Cited,1313386
HSNG-25-125,"105.CMR.410.270:Locks (A) The owner shall provide, install and maintain locks in the following manner and shall comply with the requirements of 780 CMR: Massachusetts State Building Code and 521 CMR: Architectural Access Board Regulations, and M.G.L. c. 143 § 3R so that:(1) Every residence shall be capable of being secured against unlawful entry.(Rear egress door(Kitchen).Deadbolt lock,broken missing.)",Owner,"","",Cited,1313392
HSNG-25-121,105.CMR.410. 330: Smoke Detectors and Carbon Monoxide Alarms. (A)(hardwired smoke and CO detector in basement is non-functional),Owner,"",07/24/2025,Corrected,1317650
HSNG-25-121,(Smoke CO detector at rear first floor stairway is non-functional),Owner,"",07/24/2025,Corrected,1317649
HSNG-25-121,(Missing hardwired smoke and CO detector at rear second floor stairway),Owner,"",07/24/2025,Corrected,1317648
HSNG-25-118,105.CMR.410. 330: Smoke Detectors and Carbon Monoxide Alarms. (A)(Missing smoke and CO detector in living room),Owner,Second floor,07/29/2025,Corrected,1319498
HSNG-25-118,105.CMR.410. 330: Smoke Detectors and Carbon Monoxide Alarms. (A)(Missing smoke and CO detector in basement),Owner,Basement,07/29/2025,Corrected,1319499
HSNG-25-97,"Entire dwelling Immediate condemnation due to fire and illegal bedroom basement105.CMR.410.003: General Provisions(C)(A)(No electricity service due to fire in basement and makeshift bedroom in basement)105.CMR.410.235: Owner’s Installation, Maintenance and Repair Responsibilities(A)12(solar panels in disrepair due to fire)105CMR.410 410.260: Means of Egress(A)(Basement doesn’t have two means of  Egress)105.CMR.410.330: Smoke Detectors and Carbon Monoxide Alarms(A)(Missing smoke detectors / carbon monoxide detector throughout dwelling)105.CMR.410.500) (A)(1)(2) Smoke / water and Fire damage wall's/ceilings in part of second floor, bathroom, inner hallway also roof open to elements)105.CMR. 410.520:(A)3 Protective Railings and Walls(Missing railing on balcony)Yard: 105.CMR. 410.570: Maintenance of Areas in a Sanitary and Safe Condition(A)5(Exterior debris)105.CMR.410. 630: (A)8,3,12,16,15,13Conditions Deemed to Endanger or Materially Impair Health or Safety",Owner,"","",Cited,1312028
HSNG-25-97,"","","","",Cited,1312030
HSNG-25-97,"","","","",Cited,1312035
HSNG-25-97,"","","","",Cited,1312040
HSNG-25-97,"","","","",Cited,1312041
HSNG-25-97,"","","","",Cited,1312042
HSNG-25-97,"","","","",Cited,1312043
HSNG-25-97,105.CMR. 410.520:(A)3 Protective Railings and Walls(Real balcony missing railing part),Owner,"","",Cited,1312055
HSNG-25-97,Yard: 105.CMR. 410.570: Maintenance of Areas in a Sanitary and Safe Condition(A)5(Exterior debris),Owner,"","",Cited,1312058
HSNG-25-96,105.CMR.410. 330: Smoke Detectors and Carbon Monoxide Alarms.(A)(Hardwired smoke detector in hallway missing)Note: Unit has a working standalone carbon monoxide detector,Both,3C,08/01/2025,Corrected,1319790
HSNG-25-96,(Smoke detector outside bedroom is non-functional),Both,3C,08/01/2025,Corrected,1319783
HSNG-25-96, 105.CMR.410.240. Occupants installation and maintenance responsibilities. (B) (5)(Tenant removed hardwired smoke detector from hallway. Detector is working. Just needs to be reinstalled),Both,3C,08/01/2025,Corrected,1319782
HSNG-25-93,"OBSTRUCTED EGRESS OR PASSAGEWAY 105.CMR.410.260 (COULD BE B,C,D)(Rear door in hall screwed shut, tenant to remove items blocking rear exit in apartment",Owner,BB,"",Cited,1317364
HSNG-25-93,"",Tenant,"","",Cited,1317365
HSNG-25-92,"105.CMR.410. 330: Smoke Detectors and Carbon Monoxide Alarms(A) The owner shall provide, install, and maintain in operable condition smoke detectors and carbon monoxide alarms in every residence that is required to be equipped with smoke detectors and carbon monoxide alarms in accordance with M.G.L. c. 148, §§ 26 C-F1/2 and 780 CMR: Massachusetts State Building Code, 527 CMR 1.00: Massachusetts Comprehensive Fire Safety Code, and 248 CMR 10.00: Uniform State Plumbing Code and in compliance with accepted standards as defined by 105 CMR 410.010.(Smoke and CO detector missing in front hallway)",Owner,"",07/23/2025,Cited,1313560
HSNG-25-92,(Smoke and CO detector missing in living room),Owner,"",07/23/2025,Cited,1313562
HSNG-25-92,(Smoke and CO detector missing bottom of stairs in basement),Owner,"",07/23/2025,Cited,1313565
HSNG-25-92,(CO detector missing on second floor smoke detector present but is not a combo),Owner,"",07/23/2025,Cited,1313566
HSNG-25-85, 105.CMR.410.003 ( C )(No electricity for entire first floor dwelling),Owner,"",07/11/2025,Corrected,1311059
HSNG-25-85," 105.CMR.410.260 (B)(Basement egress is obstructed, door boarded shut)",Owner,"",07/11/2025,Cited,1311060
HSNG-25-86,105.CMR.410. 330: Smoke Detectors and Carbon Monoxide Alarms. (A)Note: Referral made to Springfield Fire Department - Owner must contact Springfield Fire Department at 413-787-6410 to obtain a compliance certificate verifying correction of above violations.(Missing smoke and CO detector in first floor rear hallway),Owner,"",07/21/2025,Corrected,1315112
HSNG-25-86,(Missing smoke and CO detector in basement at bottom of stairs),Owner,"",07/21/2025,In Progress,1312967
HSNG-25-86,(Missing smoke and CO detector in basement next to water heater),Owner,"",07/21/2025,Corrected,1315108
HSNG-25-86,(Smoke CO detector in first floor front hallway is not working),Owner,"",07/21/2025,Corrected,1315110
HSNG-25-86,(Smoke detector in living room is working but is not a combination smoke and CO detector),Owner,First floor,07/21/2025,Corrected,1315111
HSNG-25-81, 105.CMR.410.500 (A) 1(Active leak coming from ceiling),Owner,"",07/14/2025,Corrected,1311588
HSNG-25-78,"MAINTENANCE OF LAND  105.CMR.410.570 (A) (COULD BE 1,2,3,4,5)",Tenant,2,07/10/2025,Cited,1310576
HSNG-25-77,"105.CMR.410.003 ( C )(Majority of dwelling unit lacks electricity, inoperable outlets and lights)",Owner,"",07/11/2025,Corrected,1310601
HSNG-25-77,"105.CMR.410.003 ( C )(Majority of dwelling unit lacks electricity, inoperable outlets and lights)",Owner,"",07/11/2025,Corrected,1310603
HSNG-25-77,"105.CMR.410.003 ( C )(Majority of dwelling unit lacks electricity, inoperable outlets and lights)",Owner,"",07/11/2025,Corrected,1310604
HSNG-25-74,Water temperature 59.5 @ time of inspection.,Owner,"",07/09/2025,Cited,1310303
HSNG-25-74,105CMR.410.150 Hot Water( water temperature 59.7),Owner,"",07/09/2025,Cited,1310304
HSNG-25-70,"105 CMR 410.235: Owner’s Installation and Maintenance Responsibilities(A,13)(Missing smoke detector third floor landings front and back halls, also detectors front and back common halls not working)",Owner,"","",Corrected,1311170
HSNG-25-62,"lMMEDIATE CONDEMNATION ENTIRE DWELLING DUE TO FIRE105 CMR410. 630: Conditions Deemed to Endanger or Materially Impair Health or Safety(A,3,10,12,13)",Owner,"","",Cited,""
HSNG-25-38,105.CMR.410.330: Smoke Detectors and Carbon Monoxide Alarms(A)(No smoke detectors),Owner,"","",Corrected,1310690
HSNG-25-34,"105.CMR.410. 330: Smoke Detectors and Carbon Monoxide Alarms(A) The owner shall provide, install, and maintain in operable condition smoke detectors and carbon monoxide alarms in every residence that is required to be equipped with smoke detectors and carbon monoxide alarms in accordance with M.G.L. c. 148, §§ 26 C-F1/2 and 780 CMR: Massachusetts State Building Code, 527 CMR 1.00: Massachusetts Comprehensive Fire Safety Code, and 248 CMR 10.00: Uniform State Plumbing Code and in compliance with accepted standards as defined by 105 CMR 410.010.Note: Referral made to Springfield Fire Department - Owner must contact Springfield Fire Department at 413-787-6410 to obtain a compliance certificate verifying correction of above violations.",Owner,"","",Cited,1311385
HSNG-25-34,"",Owner,"","",Cited,1311386
HSNG-25-34,"",Owner,"","",Cited,1311387
HSNG-25-34,"",Owner,"","",Cited,1311388
HSNG-25-1, 105.CMR.410.500 (A) 2  Owners Responsibility to Maintain Building and Structural Elements   ( STRUCTURAL MEMBES ARE UNSOUND: Foundation is crumbling bricks are missing and mortar missing),Owner,"","",Cited,821
HSNG-25-1,"",Owner,"","",Cited,646
HSNG-25-1,"105.CMR.410.500 (A) 2  Owners Responsibility to Maintain Building and Structural Elements    (First floor to basement stairs, landing missing)105 CMR 410.520(A) Protective Railings and Walls(missing handrail and railing wall)",Owner,"","",Cited,647
HSNG-25-1,"105.CMR.410.500 (A) 2  Owners Responsibility to Maintain Building and Structural Elements     (Structural members unsound, rotted, in disrepair etc. floor boards broken, rotted. large hole etc..)",Owner,"","",Cited,648
HSNG-25-1,"",Owner,"","",Cited,658
HSNG-25-1,105 CMR 410.330 Smoke Detectors and Carbon Monoxide Alarms (A)(Smoke detectors and Carbon Monoxide Alarms not Working or Missing),Owner,"","",Cited,798
HSNG-25-1,"105 CMR 410.260 Means of Egress (A) (D,2 b-d)( Second floor means of egress rear collapse)",Owner,"","",Cited,1313404
HSNG-25-1,"  105.CMR.410.550 ( B) Elimination of Pest( INFESTATION OF ROACHES - RAT - MICE - Flies, numerous evidence of rat infestation around dwelling foundation)",Owner,"","",Cited,1313862
HSNG-25-1,"IMMEDIATE CONDEMNATION OF ENTIRE DWELLING DUE TO UNSAFE CONDITIONS105 CMR 410.630 Conditions Deemed to Endanger or Materially Impair Health or Safety(A,8,10,12,13,15,16,17)",Owner,"","",Cited,""
969460,"OBSTRUCTED EGRESS OR PASSAGEWAY 105.CMR.410.260 (COULD BE B,C,D)",Owner,"","",Corrected,547
969460,105 CMR 410. 330: Smoke Detectors and Carbon Monoxide Alarms(A)(Missing smoke detectors),Owner,"","",Corrected,553
969460,105 CMR 410. 330: Smoke Detectors and Carbon Monoxide Alarms(A)(Missing smoke detectors),Owner,"","",Corrected,554
969460,105 CMR 410. 330: Smoke Detectors and Carbon Monoxide Alarms(A)(Missing smoke detectors),Owner,"","",Corrected,559
969379,"IMMEDIATE CONDEMNATION—ENTIRE DWELLING DUE TO FIRE 105.CMR.410.003: (C)General Provisions (Electricity shut off to dwelling due to fire) 105 CMR 410.235:(A) (12-13) Owner’s Installation and Maintenance Responsibilities(electrical switches, fixtures wiring compromised due to fire, smokes damaged due to fire)105.CMR.410.330: (A)Smoke Detectors and Carbon Monoxide Alarms(smokes/ co2’s damaged due to fire 105.CMR 410.500(A)2 OWNER'S Responsibility to Maintain Building and Structural Elements  (SMOKE, WATER, FIRE DAMAGE TO WALLS, CEILING, FLOORS THROUGHOUT KITCHEN)105 CMR 410.500:(A)(1,2) Owner’s Responsibility To Maintain Building and Structural Elements ( smoke and water damage throughout dwelling due to fire)105.CMR.410.630: (A)(3,10,12,13,15 ) Conditions Deemed to Endanger or Materially Impair Health or Safety Exterior105.CMR.410.570:(1,3,4,5) Maintenance of area in a Sanitary and Safe Conditions",Owner,"","",Cited,1307529
